market_id,ingredient_id
1,4308
1,2744
1,6843
1,1910
1,1168
1,5811
1,5205
1,7233
1,6482
1,4836
1,912
1,6330
1,2131
1,127
1,858
1,6028
1,6040
1,1957
1,5346
1,1685
1,4981
1,3851
1,1420
1,6656
1,6007
1,2200
1,1670
1,1195
1,5006
1,1419
1,2591
1,2971
1,7478
1,1987
1,3913
1,3718
1,5683
1,3864
1,4297
1,7904
1,3888
1,6120
1,4172
1,7229
1,5214
1,4864
1,1920
1,4719
1,6373
1,2631
1,1673
1,6819
1,4323
1,1671
1,6933
1,336
1,3914
1,3713
1,1184
1,4953
1,954
1,3849
1,3903
1,62
1,7262
1,1676
1,7239
1,2180
1,3859
1,4248
1,7804
1,3751
1,3911
1,3021
1,348
1,1672
1,1330
1,2741
1,7217
1,6099
1,4159
1,1378
1,1194
1,856
1,1257
1,3857
1,3959
1,553
1,3926
1,3476
1,6119
1,2968
1,4468
1,4996
1,1674
1,1669
1,3719
1,6619
1,1917
1,6033
1,4097
1,1912
1,4245
1,6131
1,5835
1,442
1,2184
1,5818
1,758
1,7347
1,3912
1,2501
1,5564
1,7214
1,3706
1,4770
1,3022
1,3653
1,1915
1,6392
1,6270
1,2743
1,5033
1,4912
1,609
1,6016
1,4813
1,3865
1,3697
1,1380
1,2958
1,6904
1,6657
1,6973
1,5013
1,5178
1,6658
1,6485
1,5262
1,3887
1,1284
1,5022
1,5213
1,132
1,5089
1,1916
1,7735
1,5116
1,349
1,6537
1,5080
1,5210
1,6130
1,7216
1,2130
1,3979
1,1478
1,6027
1,7474
1,3002
1,759
1,1914
1,1302
1,4910
1,4745
1,6831
1,1656
1,1668
1,3899
1,3845
1,3823
1,757
1,4710
1,1170
1,2992
1,4171
1,6635
1,6744
1,7258
1,4816
1,6121
1,6368
1,6842
1,1242
1,2688
1,55
1,1528
1,6212
1,3192
1,244
1,2563
1,4370
1,6324
1,4467
1,3610
1,5215
1,5688
1,6332
1,3327
1,2594
1,7956
1,3006
1,8004
1,2418
1,7022
1,1325
1,147
1,6272
1,3041
1,423
1,3868
1,4911
1,2736
1,6353
1,2098
1,1138
1,5100
1,1767
1,3852
1,3196
1,3106
1,2397
1,775
1,7464
1,3000
1,503
1,7213
1,171
1,4789
1,437
1,1922
1,6029
1,5619
1,5868
1,7868
1,6440
1,2616
1,1303
1,2965
1,1414
1,4445
1,3861
1,867
1,1492
1,4290
1,7811
1,5680
1,6926
1,5049
1,6478
1,6655
1,1786
1,4232
1,113
1,4739
1,2967
1,501
1,6061
1,4496
1,4402
1,2477
1,6017
1,4300
1,3878
1,4927
1,92
1,6953
1,3740
1,1947
1,1206
1,5411
1,56
1,6951
1,3233
1,6493
1,2280
1,5129
1,7887
1,2470
1,4784
1,1825
1,5456
1,4645
1,7599
1,6739
1,508
1,1815
1,7121
1,6034
1,3586
1,7558
1,6100
1,3377
1,6096
1,2737
1,1657
1,1663
1,7317
1,1316
1,1939
1,2590
1,208
1,6950
1,4814
1,1226
1,179
1,4449
1,5101
1,1948
1,4407
1,1318
1,5844
1,2742
1,1137
1,3324
1,736
1,3194
1,1682
1,4611
1,7824
1,250
1,475
1,3867
1,3124
1,3905
1,237
1,3398
1,894
1,1279
1,1023
1,1804
1,1287
1,7871
1,4623
1,5377
1,3484
1,4820
1,1946
1,4540
1,7348
1,6481
1,3330
1,7746
1,1474
1,4751
1,3866
1,5807
1,2941
1,1779
1,1278
1,2976
1,6949
1,959
1,1697
1,3028
1,206
1,5900
1,3306
1,5111
1,4697
1,4819
1,3045
1,664
1,7560
1,3675
1,3786
1,6038
1,3122
1,2726
1,312
1,4945
1,7595
1,1416
1,2596
1,4515
1,4821
1,5817
1,4966
1,3108
1,1398
1,3001
1,1241
1,3737
1,3346
1,3019
1,5406
1,6856
1,4850
1,6741
1,1409
1,1913
1,5248
1,5365
1,2307
1,5091
1,2492
1,1683
1,4825
1,7946
1,4160
1,3856
1,554
1,3310
1,3039
1,6749
1,6981
1,3023
1,1254
1,3803
1,6271
1,7052
1,7220
1,2969
1,5176
1,2923
1,7050
1,1708
1,5721
1,1375
1,6838
1,7820
1,3726
1,1421
1,504
1,6861
1,3350
1,7644
1,1321
1,3981
1,3037
1,8021
1,3038
1,3157
1,2178
1,1665
1,2731
1,3326
1,1923
1,6526
1,2132
1,3191
1,4286
1,6554
1,5026
1,2993
1,1300
1,7501
1,7034
1,5677
1,328
1,2951
1,1951
1,4610
1,2664
1,59
1,4750
1,933
1,552
1,1301
1,3777
1,2160
1,4327
1,4204
1,1924
1,3072
1,6567
1,3986
1,4301
1,4408
1,6858
1,3995
1,3189
1,6031
1,1317
1,5014
1,7242
1,4359
1,1918
1,4239
1,7998
1,7437
1,7477
1,3064
1,5591
1,509
1,3850
1,1844
1,5
1,94
1,7350
1,1727
1,3187
1,7485
1,6848
1,3391
1,5092
1,1675
1,6025
1,1390
1,3185
1,5986
1,1068
1,162
1,5804
1,3083
1,3211
1,5405
1,7120
1,5263
1,831
1,3345
1,2780
1,5690
1,4285
1,6776
1,1385
1,4829
1,2746
1,7059
1,5284
1,157
1,2936
1,7813
1,5913
1,6928
1,5466
1,4210
1,7352
1,1838
1,1034
1,2208
1,1877
1,1462
1,2989
1,1851
1,453
1,6187
1,3978
1,6654
1,1430
1,5997
1,3123
1,784
1,6626
1,472
1,3003
1,3018
1,3801
1,7419
1,2710
1,1435
1,2955
1,7903
1,2802
1,7298
1,7711
1,6509
1,4915
1,2039
1,2618
1,3115
1,2343
1,7426
1,2845
1,3111
1,6316
1,311
1,1401
1,2050
1,3998
1,4144
1,5888
1,6524
1,3802
1,7007
1,3085
1,4139
1,468
1,1069
1,2739
1,441
1,5275
1,4283
1,5261
1,3877
1,7549
1,2282
1,3943
1,3109
1,5689
1,2281
1,5520
1,5234
1,1258
1,2456
1,1054
1,1755
1,6505
1,7500
1,4250
1,1391
1,3400
1,3438
1,7385
1,4627
1,7361
1,3415
1,7548
1,4625
1,3473
1,6530
1,7855
1,1758
1,3071
1,2448
1,1677
1,6804
1,6531
1,977
1,4093
1,5429
1,6030
1,7499
1,2182
1,1219
1,6525
1,1679
1,2981
1,6988
1,5675
1,4057
1,2622
1,6335
1,3832
1,3929
1,1388
1,6860
1,2723
1,3927
1,7884
1,114
1,1035
1,6910
1,263
1,7873
1,1518
1,2222
1,3907
1,2818
1,25
1,433
1,6209
1,5869
1,323
1,4424
1,5012
1,2237
1,148
1,7550
1,490
1,4753
1,4346
1,5296
1,1988
1,539
1,538
1,2469
1,5890
1,5216
1,1768
1,1230
1,3163
1,136
1,3058
1,3055
1,5037
1,4189
1,1253
1,2152
1,1572
1,6594
1,630
1,5605
1,7890
1,3468
1,1427
1,824
1,690
1,7415
1,1235
1,1882
1,7727
1,6008
1,7881
1,3587
1,3050
1,4718
1,2393
1,2028
1,7012
1,2427
1,3714
1,228
1,7370
1,5436
1,2998
1,3731
1,5293
1,2389
1,852
1,1512
1,2099
1,6855
1,4906
1,7472
1,2462
1,3125
1,6261
1,3092
1,5235
1,3015
1,3195
1,2577
1,1289
1,3469
1,1071
1,1962
1,3301
1,4001
1,6143
1,1379
1,3916
1,4613
1,801
1,7215
1,7847
1,3813
1,5065
1,7872
1,3188
1,6711
1,6939
1,4170
1,7535
1,1634
1,3893
1,7898
1,5593
1,6991
1,7290
1,4471
1,6196
1,7102
1,1769
1,5430
1,6696
1,3052
1,1938
1,2431
1,6996
1,7234
1,3218
1,686
1,7444
1,2506
1,5599
1,1494
1,4837
1,1436
1,6952
1,7888
1,5722
1,1425
1,5381
1,5250
1,6519
1,7411
1,5294
1,1630
1,4195
1,4972
1,7874
1,2931
1,3535
1,7905
1,3348
1,2447
1,3070
1,6864
1,3729
1,4919
1,1377
1,1821
1,3773
1,7152
1,1358
1,1507
1,4373
1,4431
1,318
1,6369
1,3446
1,2576
1,6275
1,556
1,6461
1,6333
1,5621
1,7835
1,6077
1,7247
1,2365
1,7026
1,251
1,974
1,1926
1,1265
1,1698
1,3906
1,4889
1,3426
1,6503
1,6409
1,4062
1,1911
1,7046
1,1731
1,4421
1,6836
1,5435
1,1224
1,3090
1,2565
1,3162
1,3756
1,5833
1,2361
1,1447
1,2354
1,2194
1,7598
1,7892
1,7764
1,2868
1,6257
1,7029
1,5270
1,7349
1,1191
1,3079
1,6479
1,1694
1,7747
1,3094
1,7836
1,5115
1,1466
1,3099
1,347
1,1709
1,5650
1,4005
1,5044
1,5084
1,2953
1,243
1,4726
1,5916
1,2411
1,435
1,61
1,663
1,1704
1,7886
1,6071
1,3421
1,809
1,2642
1,6039
1,471
1,7841
1,2410
1,1461
1,7575
1,6647
1,290
1,1022
1,6210
1,4375
1,2486
1,229
1,2063
1,443
1,3664
1,205
1,3217
1,8008
1,6534
1,1967
1,1453
1,4469
1,1980
1,865
1,4273
1,4265
1,5694
1,299
1,5412
1,2272
1,1982
1,3787
1,7754
1,2367
1,397
1,1169
1,525
1,4508
1,1142
1,6365
1,5113
1,5481
1,432
1,7756
1,327
1,3886
1,3683
1,4614
1,60
1,3774
1,5847
1,2745
1,7443
1,7414
1,6869
1,7693
1,3678
1,7218
1,7420
1,4629
1,1423
1,5217
1,3898
1,467
1,7289
1,665
1,3044
1,236
1,2602
1,4500
1,2564
1,847
1,3113
1,429
1,4296
1,7587
1,2295
1,3980
1,884
1,319
1,7576
1,4933
1,4035
1,5836
1,1407
1,1931
1,3480
1,123
1,1519
1,806
1,128
1,4804
1,355
1,6165
1,1723
1,7151
1,64
1,7351
1,7882
1,6844
1,1597
1,6859
1,3634
1,1921
1,4875
1,7409
1,4434
1,7759
1,6812
1,3331
1,7910
1,3118
1,3017
1,5453
1,338
1,314
1,155
1,2630
1,1399
1,6773
1,1981
1,350
1,4348
1,1666
1,104
1,1753
1,5794
1,1454
1,7534
1,6137
1,3384
1,3695
1,6629
1,7624
1,4937
1,3863
1,4192
1,4183
1,5705
1,2429
1,502
1,105
1,3676
1,1347
1,2732
1,1964
1,6062
1,7570
1,3638
1,4539
1,1984
1,6852
1,4094
1,825
1,6512
1,313
1,321
1,2347
1,4686
1,934
1,5592
1,1
1,2747
1,7845
1,6012
1,3727
1,2288
1,7578
1,1576
1,2042
1,8
1,4032
1,2426
1,5993
1,3051
1,6274
1,6997
1,1386
1,7156
1,3197
1,6102
1,7445
1,5630
1,7645
1,1451
1,5249
1,7856
1,4230
1,2500
1,6299
1,5011
1,6528
1,2738
1,6914
1,6095
1,2285
1,3651
1,5863
1,7642
1,457
1,5917
1,2902
1,1297
1,7300
1,7899
1,3892
1,2820
1,4383
1,1252
1,3884
1,3436
1,7912
1,6934
1,207
1,8014
1,5519
1,3401
1,8006
1,7023
1,5490
1,1847
1,2401
1,7708
1,2390
1,4497
1,315
1,7288
1,7209
1,7428
1,1276
1,1306
1,1393
1,5568
1,7142
1,4720
1,6198
1,1410
1,49
1,6002
1,4060
1,6756
1,1983
1,2730
1,6755
1,7484
1,1937
1,1629
1,5180
1,2049
1,3698
1,3209
1,3805
1,7141
1,1969
1,4916
1,7462
1,233
1,6307
1,2058
1,5500
1,2052
1,12
1,3754
1,5413
1,5266
1,4208
1,6109
1,4961
1,1552
1,3806
1,2434
1,2987
1,5744
1,2387
1,1218
1,3212
1,1282
1,7728
1,956
1,7033
1,1643
1,6746
1,7041
1,3005
1,1030
1,565
1,2109
1,5919
1,3309
1,2702
1,1986
1,4325
1,1441
1,3059
1,3219
1,4979
1,7891
1,2628
1,1861
1,4145
1,7854
1,4630
1,7947
1,4498
1,6480
1,7838
1,7730
1,1875
1,332
1,1280
1,5269
1,63
1,7800
1,1781
1,5649
1,8003
1,6521
1,567
1,2137
1,2188
1,6309
1,3103
1,6557
1,3392
1,2658
1,802
1,6993
1,7883
1,1498
1,5079
1,905
1,4830
1,4562
1,7561
1,5274
1,7703
1,7133
1,6881
1,316
1,7988
1,5867
1,178
1,3182
1,6622
1,5898
1,3537
1,1147
1,5699
1,1248
1,2463
1,1678
1,1171
1,6555
1,7237
1,3193
1,131
1,4890
1,3078
1,1274
1,7925
1,5565
1,4699
1,7442
1,6426
1,411
1,5948
1,7717
1,1667
1,6927
1,796
1,0
1,7360
1,5611
1,6190
1,689
1,4885
1,6719
1,7748
1,2161
1,1431
1,1710
1,5267
1,2966
1,3190
1,531
1,1397
1,1408
1,2946
1,4203
1,5333
1,6154
1,7371
1,652
1,6467
1,4184
1,4815
1,7734
1,6118
1,7902
1,4146
1,7906
1,7395
1,1531
1,2722
1,2924
1,5356
1,2370
1,5956
1,2700
1,4316
1,5255
1,7235
1,6385
1,2439
1,7090
1,1889
1,2199
1,6627
1,2278
1,646
1,2816
1,5522
1,7555
1,3781
1,2179
1,7714
1,1686
1,4580
1,7875
1,5931
1,3730
1,1413
1,3431
1,3928
1,240
1,3066
1,440
1,6105
1,3880
1,6946
1,7846
1,4803
1,1476
1,3997
1,5602
1,3862
1,4738
1,647
1,1751
1,1396
1,4058
1,575
1,3885
1,1885
1,3325
1,2740
1,4366
1,636
1,7378
1,6023
1,3532
1,6941
1,5257
1,1888
1,7479
1,449
1,6024
1,7333
1,6909
1,7498
1,1485
1,1659
1,7877
1,4043
1,4261
1,447
1,2175
1,3294
1,510
1,6044
1,3735
1,3049
1,7205
1,1886
1,1522
1,1892
1,4781
1,7989
1,3374
1,1992
1,2619
1,3796
1,7251
1,5968
1,7301
1,4053
1,2916
1,3889
1,1173
1,7771
1,320
1,7077
1,7379
1,2113
1,6046
1,5970
1,5352
1,1607
1,1497
1,544
1,3799
1,6515
1,4983
1,6326
1,7410
1,691
1,5544
1,1345
1,1747
1,7641
1,7809
1,6076
1,570
1,2558
1,1495
1,6994
1,7434
1,6850
1,4147
1,2296
1,684
1,3363
1,7438
1,8002
1,5032
1,180
1,7163
1,5743
1,7960
1,4505
1,1012
1,2786
1,4865
1,2841
1,2107
1,3435
1,2229
1,7416
1,7085
1,4986
1,2252
1,2812
1,6701
1,159
1,7783
1,732
1,7837
1,6133
1,580
1,1014
1,3373
1,2407
1,1320
1,2697
1,497
1,1664
1,6972
1,7950
1,705
1,2187
1,2922
1,534
1,4214
1,1583
1,2908
1,4546
1,5558
1,1008
1,5131
1,7446
1,3432
1,2828
1,2267
1,7769
1,1858
1,5928
1,920
1,7422
1,1761
1,1247
1,4198
1,1789
1,5912
1,6474
1,4774
1,7554
1,1199
1,1341
1,6970
1,4066
1,4429
1,4917
1,2210
1,4328
1,5674
1,1653
1,1860
1,7145
1,3937
1,5280
1,3791
1,1788
1,4367
1,1724
1,1395
1,5085
1,5472
1,276
1,5696
1,7433
1,6552
1,7146
1,6723
1,408
1,7710
1,6020
1,7318
1,3491
1,7075
1,3134
1,7383
1,7700
1,5273
1,6897
1,742
1,862
1,4969
1,1680
1,3222
1,2219
1,1352
1,3297
1,284
1,3335
1,357
1,1712
1,4518
1,3592
1,6457
1,6862
1,1719
1,2609
1,3413
1,360
1,265
1,3461
1,227
1,3150
1,5725
1,2270
1,345
1,6032
1,5197
1,1412
1,7435
1,2259
1,5600
1,2826
1,7733
1,487
1,5339
1,1189
1,4997
1,6250
1,5624
1,6085
1,2174
1,2539
1,7615
1,6342
1,7736
1,4677
1,6097
1,4714
1,2725
1,4461
1,4347
1,7840
1,414
1,339
1,6064
1,585
1,5623
1,492
1,7331
1,4201
1,6055
1,7032
1,7148
1,4626
1,1477
1,2645
1,3954
1,6839
1,2934
1,2651
1,57
1,2715
1,2613
1,6287
1,1076
1,1126
1,6572
1,3422
1,1394
1,5103
1,2358
1,2458
1,30
1,5937
1,740
1,2360
1,7739
1,7817
1,7208
1,485
1,1432
1,5601
1,1941
1,6266
1,3810
1,3097
1,1298
1,2274
1,2400
1,4685
1,4190
1,804
1,3062
1,7019
1,2118
1,3853
1,2891
1,2973
1,7797
1,6870
1,6122
1,6383
1,3689
1,3323
1,4724
1,322
1,7490
1,2392
1,5120
1,7704
1,2814
1,562
1,3616
1,623
1,13
1,6695
1,5057
1,7198
1,1696
1,5265
1,1000
1,1389
1,225
1,4782
1,7060
1,1965
1,5967
1,5272
1,5230
1,7353
1,6292
1,3703
1,4158
1,4292
1,2945
1,5566
1,1422
1,1437
1,6679
1,4369
1,628
1,4948
1,5139
1,6956
1,1162
1,7842
1,4151
1,5958
1,2983
1,3128
1,724
1,3835
1,551
1,6476
1,4728
1,234
1,6511
1,4209
1,6959
1,2041
1,5337
1,2444
1,1387
1,626
1,5733
1,3408
1,1433
1,3313
1,5904
1,7021
1,5748
1,994
1,6777
1,521
1,4854
1,6517
1,5821
1,7722
1,1621
1,1909
1,3240
1,6418
1,2247
1,1589
1,6277
1,990
1,6551
1,579
1,6513
1,5815
1,2048
1,696
1,1810
1,7449
1,343
1,1094
1,5511
1,7540
1,3780
1,6938
1,7639
1,3821
1,512
1,5874
1,1426
1,6846
1,7470
1,1588
1,7901
1,5299
1,2443
1,4658
1,1434
1,4355
1,2326
1,7412
1,7113
1,3621
1,6432
1,6965
1,2086
1,6961
1,3876
1,2341
1,1212
1,2334
1,2729
1,1429
1,6932
1,7777
1,1400
1,1383
1,4536
1,4939
1,7737
1,678
1,5973
1,33
1,4727
1,5758
1,5791
1,1424
1,4691
1,4336
1,2942
1,4712
1,2559
1,2232
1,546
1,2043
1,4127
1,184
1,5062
1,715
1,3733
1,5834
1,1958
1,5470
1,7936
1,2412
1,5808
1,984
1,4908
1,6350
1,3451
1,2867
1,6585
1,549
1,5745
1,5955
1,3009
1,1009
1,5999
1,7030
1,7681
1,5572
1,2875
1,2612
1,4351
1,5614
1,5892
1,2346
1,2858
1,4706
1,7581
1,4946
1,4573
1,6985
1,366
1,235
1,5776
1,7010
1,7971
1,5071
1,1493
1,6106
1,5629
1,5499
1,5198
1,7238
1,2527
1,2964
1,7489
1,7913
1,1010
1,2064
1,7562
1,7014
1,3112
1,7005
1,7098
1,2301
1,3909
1,7027
1,3839
1,3680
1,8015
1,2671
1,7207
1,7227
1,1701
1,2073
1,4779
1,7568
1,2842
1,4680
1,2220
1,778
1,2455
1,7725
1,3442
1,7493
1,3644
1,1631
1,6139
1,2497
1,823
1,2331
1,1734
1,7475
1,4895
1,3230
1,5981
1,474
1,5635
1,7569
1,5708
1,6834
1,4932
1,6386
1,4991
1,4522
1,7011
1,1355
1,7104
1,550
1,6404
1,3056
1,3661
1,1446
1,3900
1,1364
1,964
1,3635
1,6895
1,6890
1,1340
1,3011
1,6297
1,6892
1,5894
1,3036
1,7439
1,6199
1,2090
1,2720
1,3114
1,3443
1,3416
1,6051
1,5839
1,985
1,2070
1,7834
1,2524
1,910
1,2476
1,558
1,4392
1,7894
1,5329
1,1263
1,4017
1,3685
1,7165
1,693
1,7765
1,7473
1,2572
1,2799
1,1475
1,3160
1,1616
1,4206
1,776
1,2643
1,1989
1,1759
1,7773
1,3875
1,3025
1,2227
1,5597
1,6419
1,6666
1,1735
1,2386
1,3464
1,3687
1,6955
1,7421
1,5127
1,4550
1,5577
1,608
1,942
1,3826
1,6260
1,6851
1,6796
1,1560
1,6123
1,574
1,922
1,1450
1,4656
1,2165
1,6239
1,376
1,6586
1,3504
1,2770
1,6574
1,2957
1,2878
1,5908
1,4065
1,7908
1,566
1,584
1,4723
1,1752
1,9
1,3024
1,4624
1,5589
1,7296
1,3599
1,2257
1,3200
1,5875
1,7047
1,5942
1,1086
1,2889
1,1976
1,2578
1,2035
1,2388
1,5531
1,6500
1,7110
1,7319
1,6374
1,5819
1,1337
1,3493
1,2297
1,7822
1,4362
1,7686
1,2459
1,838
1,611
1,6584
1,4234
1,2568
1,4128
1,1995
1,5883
1,3945
1,622
1,3410
1,6878
1,7802
1,4521
1,5024
1,1715
1,5017
1,1905
1,7
1,455
1,4332
1,4334
1,5312
1,156
1,3767
1,5171
1,2055
1,3858
1,7996
1,7691
1,1991
1,2273
1,5882
1,3385
1,3825
1,3764
1,7224
1,1143
1,5075
1,853
1,5899
1,4628
1,6891
1,1439
1,2838
1,573
1,5506
1,6728
1,4924
1,3356
1,5442
1,5485
1,3308
1,1149
1,1074
1,3641
1,3870
1,6781
1,6990
1,5686
1,7732
1,5128
1,7867
1,4951
1,5706
1,5119
1,6376
1,2201
1,5841
1,2472
1,6747
1,10
1,3620
1,4934
1,4989
1,3828
1,4322
1,2511
1,2580
1,555
1,7424
1,2125
1,6294
1,1020
1,7844
1,1177
1,7456
1,3795
1,1415
1,352
1,827
1,1627
1,4601
1,2238
1,7088
1,1473
1,7963
1,2952
1,232
1,5335
1,333
1,6019
1,7492
1,536
1,1586
1,2581
1,2092
1,5396
1,7563
1,7299
1,728
1,4888
1,866
1,4078
1,2309
1,7934
1,7564
1,2755
1,7893
1,1805
1,6691
1,5254
1,2623
1,6412
1,4181
1,599
1,5906
1,1392
1,2348
1,4763
1,2866
1,4524
1,3662
1,3934
1,6681
1,6460
1,572
1,731
1,6682
1,7741
1,8010
1,6058
1,7584
1,7968
1,2648
1,7985
1,2683
1,6659
1,939
1,3639
1,6967
1,4514
1,968
1,7053
1,577
1,6182
1,1294
1,7976
1,326
1,2231
1,5964
1,7889
1,67
1,4188
1,5762
1,2896
1,7345
1,1945
1,790
1,6625
1,5041
1,5824
1,6825
1,6694
1,5163
1,3031
1,2279
1,5857
1,4228
1,1319
1,2101
1,6569
1,3074
1,6006
1,1063
1,4331
1,4193
1,3827
1,1015
1,3201
1,3658
1,1285
1,6766
1,7869
1,4701
1,7990
1,6360
1,7222
1,4907
1,4220
1,2138
1,1456
1,231
1,2956
1,7833
1,6285
1,879
1,5584
1,4295
1,4568
1,5626
1,5502
1,5856
1,4085
1,2974
1,2205
1,662
1,3081
1,876
1,874
1,2277
1,989
1,1463
1,5256
1,877
1,5739
1,4977
1,6379
1,5668
1,4869
1,5718
1,1570
1,3963
1,3459
1,4385
1,7866
1,7671
1,1846
1,6181
1,4246
1,7994
1,7461
1,4574
1,2830
1,2441
1,1025
1,330
1,7848
1,7608
1,2872
1,2881
1,1255
1,1868
1,2510
1,7149
1,5019
1,19
1,6986
1,1033
1,242
1,1308
1,4396
1,7863
1,5751
1,2214
1,6553
1,427
1,1571
1,789
1,6115
1,2865
1,2054
1,1763
1,4339
1,5670
1,2077
1,2
1,7832
1,1469
1,6866
1,7878
1,4443
1,6672
1,7382
1,717
1,3054
1,7373
1,1944
1,7287
1,4671
1,7626
1,1307
1,3816
1,3920
1,1348
1,2228
1,6286
1,1178
1,953
1,754
1,4730
1,7025
1,6559
1,7236
1,2293
1,6018
1,1180
1,5177
1,6337
1,1001
1,5375
1,7806
1,6351
1,7885
1,7496
1,4247
1,4154
1,7805
1,3444
1,5816
1,2518
1,3952
1,2248
1,936
1,7460
1,6508
1,4818
1,7191
1,7742
1,3472
1,367
1,4191
1,7843
1,3095
1,2542
1,3101
1,2181
1,7199
1,2264
1,3958
1,2852
1,2489
1,730
1,6219
1,3725
1,5578
1,2979
1,4654
1,3944
1,7541
1,7532
1,979
1,486
1,6817
1,451
1,5016
1,1793
1,2377
1,835
1,1687
1,3007
1,6588
1,4182
1,7752
1,5473
1,2724
1,3053
1,6022
1,192
1,2186
1,3842
1,2870
1,6604
1,3798
1,416
1,58
1,7897
1,4952
1,1032
1,409
1,4358
1,2760
1,461
1,6577
1,7605
1,3953
1,2775
1,854
1,2298
1,3152
1,2798
1,4873
1,4004
1,3296
1,6010
1,4971
1,6634
1,2774
1,6349
1,7749
1,466
1,5842
1,1200
1,6769
1,4410
1,3061
1,3518
1,4486
1,1741
1,4185
1,7230
1,2230
1,3390
1,4153
1,7325
1,4928
1,987
1,7852
1,1881
1,2310
1,253
1,2305
1,7161
1,1141
1,7109
1,7018
1,3455
1,480
1,1516
1,1087
1,4696
1,7524
1,3702
1,215
1,2484
1,6688
1,907
1,3788
1,5058
1,1210
1,7467
1,798
1,112
1,4337
1,7167
1,7252
1,4451
1,1339
1,5922
1,7909
1,7896
1,7413
1,7812
1,4534
1,5793
1,5612
1,4038
1,6041
1,3428
1,2056
1,3628
1,2134
1,2403
1,6520
1,2610
1,5950
1,3077
1,943
1,6328
1,2078
1,6840
1,7876
1,428
1,6562
1,4708
1,7066
1,5455
1,5207
1,2075
1,5933
1,2893
1,7786
1,4350
1,7486
1,4404
1,2140
1,4426
1,6871
1,3964
1,2825
1,4341
1,7003
1,1525
1,5939
1,657
1,7966
1,6144
1,4059
1,2986
1,2815
1,6665
1,7583
1,4990
1,5851
1,5123
1,786
1,4343
1,5236
1,4734
1,2061
1,2869
1,3485
1,3032
1,4254
1,3441
1,6966
1,3454
1,6001
1,3008
1,2290
1,4447
1,3503
1,209
1,7375
1,1979
1,7586
1,1323
1,5306
1,4353
1,6172
1,3655
1,7459
1,6304
1,5864
1,1822
1,7546
1,3034
1,8016
1,381
1,1458
1,6377
1,7750
1,6000
1,6867
1,617
1,7441
1,4368
1,7880
1,2920
1,3102
1,7740
1,6780
1,7453
1,4577
1,7538
1,2079
1,6384
1,4
1,5581
1,476
1,5636
1,3747
1,5783
1,1267
1,2216
1,7140
1,4371
1,3765
1,5843
1,1153
1,4678
1,5719
1,3089
1,484
1,507
1,7081
1,6778
1,2488
1,1771
1,4215
1,1693
1,7335
1,6005
1,1590
1,2254
1,6752
1,7579
1,1150
1,4216
1,960
1,4769
1,6203
1,496
1,4173
1,1971
1,4365
1,2221
1,729
1,7597
1,6188
1,5448
1,3624
1,6059
1,6004
1,7256
1,7588
1,7249
1,5200
1,6334
1,2139
1,1286
1,2436
1,4212
1,2335
1,6539
1,4688
1,3281
1,6887
1,8005
1,2721
1,3834
1,1557
1,4279
1,4262
1,4828
1,2074
1,4616
1,1950
1,6397
1,5054
1,3279
1,2416
1,1972
1,560
1,4218
1,5738
1,6731
1,3475
1,3483
1,6847
1,2515
1,7055
1,1803
1,3660
1,7969
1,2038
1,4647
1,7922
1,3067
1,2673
1,499
1,2357
1,7130
1,1053
1,1890
1,7738
1,4010
1,3973
1,2383
1,6390
1,14
1,2999
1,3352
1,4631
1,7250
1,3460
1,262
2,5271
2,5618
2,7518
2,130
2,2126
2,2327
2,6035
2,6998
2,3132
2,1739
2,3490
2,469
2,7006
2,5242
2,4608
2,1574
2,5749
2,6242
2,4538
2,2846
2,5418
2,1732
2,6489
2,2911
2,3665
2,7302
2,7978
2,2241
2,7355
2,7577
2,2076
2,7304
2,4938
2,2834
2,5268
2,4382
2,5590
2,3043
2,7814
2,3983
2,2784
2,7547
2,6753
2,5929
2,881
2,18
2,7195
2,7900
2,1963
2,1766
2,2110
2,6116
2,5891
2,5731
2,6234
2,6244
2,4466
2,4056
2,5112
2,2982
2,3042
2,4725
2,4403
2,7024
2,7981
2,6889
2,2413
2,163
2,3768
2,7523
2,5278
2,5146
2,5615
2,3881
2,3942
2,5945
2,3838
2,3666
2,7425
2,2972
2,7243
2,7219
2,3755
2,4338
2,446
2,1311
2,470
2,7596
2,1172
2,1942
2,7753
2,4786
2,2928
2,4510
2,7045
2,3084
2,5613
2,3305
2,795
2,5742
2,846
2,6589
2,7719
2,1994
2,2213
2,826
2,479
2,1428
2,4778
2,3063
2,3020
2,1650
2,436
2,7980
2,3216
2,6974
2,2321
2,2758
2,6570
2,2839
2,3549
2,1327
2,3579
2,4914
2,2027
2,2026
2,7992
2,278
2,2764
2,5977
2,8012
2,2873
2,4470
2,5828
2,5765
2,1684
2,4512
2,5095
2,5398
2,5996
2,5226
2,1125
2,5723
2,7404
2,3347
2,4604
2,1240
2,252
2,4072
2,2047
2,4196
2,3414
2,5574
2,4758
2,2351
2,1291
2,7758
2,1817
2,3065
2,3693
2,2644
2,3871
2,1718
2,2822
2,4967
2,2857
2,4653
2,1717
2,3462
2,2759
2,5138
2,517
2,1418
2,5562
2,2855
2,2509
2,5991
2,3736
2,3075
2,2699
2,4175
2,4777
2,2918
2,7436
2,6931
2,2339
2,1523
2,5575
2,7914
2,1848
2,5757
2,1608
2,2170
2,5925
2,6618
2,3249
2,995
2,7637
2,16
2,5475
2,3872
2,5932
2,5610
2,4582
2,3789
2,6136
2,4920
2,2062
2,4149
2,2752
2,42
2,2276
2,6724
2,4132
2,5573
2,6621
2,4494
2,6595
2,6879
2,1880
2,3643
2,6417
2,3804
2,4211
2,4749
2,4012
2,1353
2,2342
2,3967
2,6999
2,5930
2,6743
2,7450
2,7180
2,4472
2,238
2,1246
2,5102
2,1213
2,4329
2,4219
2,2316
2,2223
2,2207
2,1101
2,4716
2,3797
2,5571
2,2398
2,5995
2,3691
2,7895
2,2336
2,4121
2,1026
2,2467
2,2366
2,2766
2,1037
2,5960
2,3700
2,5944
2,4048
2,1764
2,6751
2,5849
2,5720
2,7403
2,6036
2,7585
2,4537
2,4704
2,4517
2,4340
2,7418
2,452
2,2384
2,5728
2,7962
2,7571
2,4707
2,1295
2,2698
2,3546
2,5633
2,2345
2,548
2,3105
2,6491
2,1713
2,6893
2,5400
2,5059
2,970
2,2910
2,3033
2,4437
2,7942
2,547
2,4304
2,3096
2,4535
2,5052
2,5199
2,4134
2,3860
2,2442
2,641
2,1738
2,2833
2,3669
2,1549
2,194
2,2344
2,5978
2,4363
2,4999
2,2487
2,3555
2,7788
2,2811
2,6853
2,7879
2,7716
2,2789
2,7705
2,1016
2,760
2,1633
2,4793
2,849
2,7907
2,7986
2,3406
2,2674
2,4276
2,3227
2,1706
2,7621
2,7174
2,1460
2,6170
2,2460
2,7427
2,160
2,7543
2,482
2,3779
2,6169
2,7851
2,3772
2,6371
2,966
2,5770
2,706
2,5039
2,7789
2,5094
2,7565
2,3027
2,2195
2,5941
2,7127
2,2883
2,2053
2,5766
2,988
2,6156
2,6540
2,4124
2,5895
2,1249
2,1615
2,7162
2,2349
2,3407
2,7253
2,2626
2,5308
2,6310
2,2937
2,7729
2,4822
2,5918
2,1622
2,637
2,4936
2,6538
2,6759
2,1028
2,4067
2,392
2,20
2,7870
2,5848
2,4423
2,3947
2,7394
2,2912
2,7723
2,2249
2,787
2,2666
2,4935
2,2337
2,1943
2,3917
2,2620
2,365
2,3457
2,7080
2,6667
2,5093
2,602
2,5434
2,4016
2,2778
2,3536
2,6597
2,6546
2,3936
2,6225
2,6129
2,2837
2,6462
2,5759
2,2680
2,5419
2,6363
2,2813
2,2318
2,996
2,653
2,7658
2,5439
2,6745
2,3510
2,4998
2,5902
2,7483
2,3800
2,4464
2,4698
2,7089
2,2808
2,3939
2,7593
2,4773
2,5182
2,3670
2,2959
2,3399
2,3057
2,3030
2,2394
2,2284
2,4289
2,4197
2,5915
2,2379
2,4762
2,6598
2,310
2,2008
2,4118
2,1455
2,4722
2,6548
2,3237
2,2127
2,7015
2,1296
2,5477
2,1792
2,1867
2,2325
2,298
2,6868
2,6849
2,2595
2,2824
2,2148
2,1959
2,6053
2,3605
2,4684
2,6750
2,5687
2,6529
2,7850
2,3771
2,245
2,2461
2,483
2,5975
2,2984
2,4287
2,7539
2,7265
2,7977
2,7536
2,7203
2,6829
2,7194
2,7193
2,6273
2,7803
2,7582
2,3107
2,3013
2,7106
2,4052
2,6009
2,528
2,6276
2,2832
2,2899
2,7849
2,2505
2,4207
2,2045
2,7513
2,2420
2,4717
2,5110
2,6628
2,5936
2,2433
2,4479
2,6098
2,5767
2,6084
2,7407
2,2672
2,4302
2,2258
2,3910
2,7196
2,5655
2,3486
2,7995
2,5191
2,2006
2,2817
2,4288
2,2057
2,2864
2,2537
2,4303
2,7221
2,4956
2,2761
2,7432
2,7359
2,601
2,701
2,1520
2,3902
2,3068
2,2970
2,6167
2,1333
2,3100
2,2803
2,3891
2,4425
2,6484
2,5826
2,3814
2,6396
2,3766
2,7816
2,4571
2,4249
2,2242
2,6712
2,3769
2,7008
2,2144
2,3794
2,4985
2,3522
2,415
2,5463
2,6003
2,289
2,4663
2,7397
2,1275
2,2560
2,7147
2,5295
2,6510
2,434
2,2514
2,2283
2,4006
2,4764
2,7384
2,1256
2,5372
2,11
2,3110
2,3424
2,3069
2,992
2,7495
2,7766
2,2679
2,3307
2,2265
2,3243
2,6673
2,4174
2,2659
2,4858
2,5598
2,6607
2,4409
2,7682
2,7154
2,2978
2,5820
2,167
2,431
2,7143
2,6389
2,4107
2,1925
2,6533
2,4320
2,855
2,2051
2,2080
2,7398
2,7751
2,587
2,6200
2,7828
2,2954
2,4324
2,3704
2,6592
2,6685
2,4372
2,6468
2,2994
2,1292
2,5482
2,3012
2,7431
2,3890
2,8007
2,1120
2,7972
2,5947
2,3425
2,7497
2,7943
2,5179
2,6670
2,5747
2,7589
2,7623
2,1481
2,1790
2,3329
2,282
2,808
2,1722
2,4930
2,6356
2,445
2,2793
2,5569
2,4721
2,2445
2,2853
2,5729
2,2292
2,7204
2,5846
2,1011
2,2900
2,3659
2,4740
2,1791
2,5133
2,2491
2,3517
2,4130
2,1811
2,4335
2,4810
2,3456
2,7917
2,7784
2,394
2,4405
2,4902
2,2373
2,4002
2,7731
2,1760
2,3636
2,5934
2,6995
2,1080
2,7929
2,4330
2,5264
2,5563
2,643
2,4655
2,6611
2,7246
2,6202
2,2306
2,1974
2,2650
2,2948
2,2779
2,1452
2,129
2,2352
2,1299
2,1968
2,727
2,7787
2,4659
2,2428
2,2490
2,4352
2,425
2,3487
2,5053
2,3417
2,1329
2,2294
2,2424
2,749
2,7327
2,5489
2,5850
2,2405
2,2597
2,1691
2,4034
2,1488
2,1692
2,4266
2,5009
2,635
2,3982
2,3149
2,1036
2,1730
2,3811
2,1756
2,5972
2,3098
2,5055
2,4357
2,1281
2,7028
2,4326
2,2990
2,4264
2,7580
2,7001
2,6448
2,2806
2,6930
2,7192
2,2268
2,6916
2,4309
2,488
2,8009
2,1309
2,2621
2,3254
2,267
2,489
2,1812
2,3403
2,5678
2,782
2,4317
2,6394
2,2452
2,3086
2,2894
2,1646
2,1711
2,7860
2,5359
2,5853
2,4941
2,6632
2,7488
2,7357
2,5920
2,3186
2,4213
2,1514
2,5048
2,2319
2,1681
2,6370
2,3775
2,108
2,7572
2,5310
2,266
2,6235
2,763
2,7839
2,424
2,6111
2,478
2,4202
2,945
2,5309
2,2391
2,1726
2,3029
2,3450
2,7273
2,4474
2,3004
2,781
2,895
2,6620
2,621
2,1569
2,5654
2,246
2,5878
2,5417
2,2093
2,2880
2,2829
2,7454
2,72
2,794
2,4687
2,898
2,305
2,6902
2,1927
2,7573
2,997
2,4444
2,1993
2,6729
2,481
2,6837
2,7967
2,5484
2,5354
2,4194
2,6958
2,3626
2,4926
2,6903
2,2419
2,3844
2,6977
2,2376
2,7393
2,3812
2,6135
2,3014
2,5684
2,7210
2,7314
2,2091
2,3807
2,885
2,872
2,2094
2,6583
2,1611
2,3841
2,2930
2,6483
2,7715
2,7619
2,6742
2,5378
2,7108
2,3728
2,2067
2,4652
2,7107
2,3104
2,3409
2,2641
2,5910
2,6615
2,2311
2,6471
2,7405
2,7775
2,6992
2,317
2,4776
2,1140
2,3523
2,2904
2,6652
2,6021
2,5976
2,4263
2,5953
2,1363
2,687
2,6037
2,1021
2,4834
2,3395
2,6727
2,5979
2,3996
2,2682
2,361
2,7923
2,3242
2,7525
2,6464
2,2903
2,2533
2,7386
2,1487
2,175
2,2261
2,189
2,4702
2,248
2,7602
2,3035
2,1251
2,5642
2,4000
2,5943
2,3423
2,7423
2,819
2,7002
2,4360
2,3679
2,2218
2,5963
2,1985
2,7058
2,297
2,3082
2,7417
2,2437
2,2409
2,7381
2,3965
2,1216
2,7135
2,1820
2,4849
2,5628
2,6798
2,3696
2,1635
2,1827
2,2797
2,5957
2,2796
2,7712
2,5790
2,2449
2,6651
2,65
2,4711
2,7915
2,188
2,2575
2,3304
2,1783
2,4857
2,738
2,2375
2,5501
2,7189
2,464
2,7684
2,589
2,3534
2,2291
2,6399
2,6026
2,4947
2,2907
2,5399
2,2963
2,6113
2,4528
2,3918
2,3312
2,7516
2,7388
2,1004
2,5980
2,7455
2,3178
2,631
2,2262
2,7857
2,4252
2,2024
2,6989
2,1484
2,3542
2,7829
2,7158
2,6201
2,7794
2,7354
2,7825
2,1376
2,7918
2,2836
2,5020
2,44
2,840
2,291
2,3770
2,7369
2,3328
2,6145
2,5692
2,2804
2,2921
2,3164
2,2142
2,5617
2,5940
2,4120
2,7755
2,454
2,2382
2,5616
2,1075
2,4119
2,559
2,949
2,2719
2,5806
2,82
2,1651
2,4771
2,6573
2,2795
2,1568
2,7831
2,597
2,1344
2,5376
2,613
2,7356
2,5497
2,7690
2,6606
2,542
2,2768
2,4176
2,6785
2,1612
2,7830
2,3213
2,2362
2,7743
2,3690
2,6770
2,870
2,2385
2,3544
2,2438
2,5681
2,3782
2,6315
2,7232
2,792
2,3873
2,2425
2,2753
2,89
2,5983
2,2950
2,3716
2,7372
2,3470
2,88
2,222
2,7636
2,4231
2,5423
2,2185
2,5682
2,3783
2,793
2,2988
2,6049
2,2905
2,7780
2,1919
2,1949
2,6518
2,7795
2,3617
2,4458
2,2371
2,5557
2,4798
2,7911
2,3179
2,5069
2,7392
2,1770
2,3855
2,7248
2,3724
2,6288
2,3334
2,7707
2,6883
2,1207
2,7613
2,2446
2,6929
2,6810
2,2240
2,5454
2,2541
2,803
2,172
2,5805
2,2670
2,4709
2,3854
2,2430
2,1152
2,4242
2,5117
2,2369
2,6391
2,7062
2,4238
2,152
2,7745
2,5104
2,430
2,4557
2,100
2,2767
2,286
2,5042
2,1250
2,3340
2,6969
2,5281
2,2059
2,887
2,5196
2,3734
2,3047
2,557
2,2485
2,791
2,6444
2,249
2,1411
2,1357
2,6894
2,4356
2,4422
2,3159
2,5450
2,6132
2,3784
2,6265
2,2209
2,4805
2,5043
2,6231
2,3752
2,5549
2,1079
2,2787
2,4123
2,1332
2,569
2,2634
2,2637
2,324
2,1619
2,8000
2,4525
2,2686
2,4090
2,7202
2,5458
2,2681
2,5409
2,880
2,4599
2,6140
2,7254
2,1604
2,4044
2,7272
2,5809
2,4312
2,4587
2,5949
2,3358
2,3709
2,5596
2,3968
2,7266
2,5609
2,4843
2,7285
2,4802
2,6560
2,1467
2,2250
2,3848
2,6453
2,7647
2,3208
2,4636
2,4639
2,5735
2,6692
2,3228
2,5753
2,7678
2,6536
2,3565
2,5866
2,2457
2,3961
2,4310
2,5587
2,3221
2,3
2,7076
2,1654
2,3467
2,4852
2,4448
2,4754
2,193
2,6249
2,4019
2,6580
2,7772
2,5714
2,1058
2,3611
2,2312
2,2189
2,1562
2,2072
2,2885
2,5305
2,5777
2,5508
2,4503
2,5202
2,6736
2,6430
2,407
2,2614
2,4416
2,4548
2,7638
2,2939
2,7574
2,3250
2,7297
2,146
2,944
2,3130
2,3615
2,1841
2,458
2,5187
2,5603
2,2153
2,2169
2,5136
2,1579
2,3966
2,4259
2,7932
2,6726
2,1863
2,6314
2,4893
2,7280
2,921
2,3993
2,3238
2,2089
2,1594
2,4150
2,3501
2,6456
2,4856
2,923
2,3694
2,4386
2,3144
2,7983
2,6253
2,7556
2,3749
2,1382
2,7553
2,4584
2,1897
2,3647
2,1046
2,5130
2,576
2,1808
2,6458
2,6317
2,421
2,2496
2,5066
2,5447
2,1765
2,7924
2,7699
2,5586
2,7670
2,5291
2,2735
2,5390
2,3633
2,814
2,6899
2,7505
2,477
2,3569
2,3349
2,7606
2,2004
2,2141
2,2914
2,1856
2,5164
2,7310
2,6069
2,24
2,2692
2,4307
2,5769
2,7663
2,23
2,3642
2,1997
2,1095
2,5661
2,1108
2,2036
2,3171
2,6576
2,1031
2,2002
2,783
2,5153
2,2328
2,4826
2,5040
2,5440
2,3739
2,3597
2,7186
2,904
2,3139
2,2566
2,5353
2,4847
2,4415
2,3389
2,3631
2,679
2,6301
2,6228
2,7633
2,5415
2,3505
2,7126
2,7073
2,2522
2,6815
2,1778
2,2332
2,1448
2,2287
2,4853
2,5083
2,3833
2,4256
2,3259
2,6057
2,7506
2,5653
2,7957
2,3557
2,3682
2,2177
2,6222
2,7514
2,6601
2,7528
2,5545
2,7698
2,4682
2,5385
2,3397
2,7465
2,7309
2,4077
2,1887
2,7048
2,8020
2,1721
2,4695
2,4649
2,358
2,2040
2,1312
2,3256
2,5507
2,5224
2,3252
2,5045
2,3919
2,1365
2,5389
2,3915
2,2156
2,3933
2,4747
2,3568
2,7545
2,6125
2,5060
2,7137
2,6948
2,3093
2,723
2,890
2,1782
2,4104
2,5755
2,6809
2,7269
2,799
2,137
2,7255
2,459
2,6146
2,273
2,1801
2,2482
2,5504
2,3369
2,6706
2,6708
2,7295
2,6591
2,4507
2,1864
2,7326
2,6411
2,1581
2,7129
2,1859
2,5711
2,6689
2,982
2,5027
2,1898
2,2286
2,6045
2,4064
2,3818
2,5756
2,4131
2,4846
2,4435
2,4125
2,2687
2,6600
2,2652
2,7510
2,4492
2,7125
2,2711
2,2211
2,1544
2,5386
2,4236
2,726
2,6674
2,3231
2,2548
2,1047
2,660
2,896
2,7926
2,1842
2,2018
2,6703
2,4161
2,2145
2,3681
2,6523
2,6256
2,1644
2,5340
2,842
2,1834
2,3629
2,6092
2,6205
2,7468
2,5862
2,4400
2,6114
2,1328
2,6171
2,3359
2,2313
2,6877
2,5078
2,7480
2,2540
2,7512
2,4306
2,1343
2,2068
2,4291
2,5673
2,4240
2,6579
2,5620
2,5772
2,3284
2,4742
2,6488
2,5536
2,6302
2,4925
2,5364
2,2143
2,4877
2,4257
2,191
2,4224
2,1873
2,7316
2,7504
2,5336
2,2203
2,5394
2,7171
2,4891
2,4531
2,4109
2,401
2,5099
2,7798
2,4117
2,4848
2,1748
2,3935
2,7660
2,4122
2,5897
2,4039
2,3319
2,2104
2,7177
2,2649
2,6740
2,3763
2,1535
2,4988
2,5174
2,2275
2,5302
2,7807
2,6475
2,2193
2,1062
2,4114
2,387
2,2567
2,1201
2,3836
2,1144
2,4456
2,1658
2,2171
2,3351
2,6854
2,4809
2,5468
2,6078
2,4003
2,5547
2,1066
2,4157
2,4640
2,3181
2,7328
2,4164
2,3701
2,491
2,2202
2,7321
2,3172
2,6217
2,7634
2,5023
2,655
2,5252
2,5553
2,6888
2,7721
2,7604
2,473
2,5300
2,5607
2,3677
2,5701
2,5096
2,5533
2,3837
2,4617
2,7964
2,6660
2,5030
2,259
2,4455
2,1135
2,5322
2,3286
2,6764
2,4111
2,5570
2,4621
2,4660
2,6291
2,1470
2,1270
2,4251
2,4791
2,5297
2,3989
2,931
2,494
2,5421
2,4488
2,592
2,3127
2,7827
2,3558
2,1833
2,1175
2,5546
2,4566
2,296
2,7307
2,2691
2,6882
2,4980
2,722
2,6043
2,1610
2,3938
2,6148
2,7039
2,4638
2,7916
2,293
2,7511
2,6908
2,2473
2,270
2,5232
2,4729
2,2123
2,6650
2,7685
2,7463
2,5671
2,6982
2,385
2,4811
2,4135
2,5331
2,5038
2,3158
2,6300
2,5713
2,7646
2,4432
2,7323
2,3883
2,87
2,403
2,2635
2,6705
2,972
2,6547
2,7070
2,7666
2,6195
2,6490
2,1042
2,2521
2,545
2,7631
2,4381
2,2504
2,406
2,4205
2,1335
2,2525
2,7533
2,6664
2,239
2,3975
2,6176
2,871
2,2526
2,1539
2,5640
2,5664
2,962
2,1404
2,4598
2,3274
2,6066
2,7781
2,6693
2,7552
2,111
2,7603
2,6774
2,5588
2,4591
2,5763
2,4555
2,7293
2,99
2,4700
2,3129
2,6312
2,7226
2,2065
2,5081
2,5161
2,4280
2,5799
2,6359
2,5796
2,5317
2,3511
2,7225
2,5426
2,4561
2,7169
2,2655
2,6259
2,3969
2,8022
2,7826
2,2545
2,6327
2,134
2,138
2,848
2,247
2,7515
2,4420
2,1129
2,4460
2,973
2,5583
2,1840
2,1772
2,2471
2,5639
2,5580
2,4129
2,3932
2,5702
2,1044
2,4156
2,7183
2,5969
2,378
2,1853
2,2940
2,5585
2,659
2,1725
2,5712
2,1509
2,2338
2,4110
2,4113
2,5512
2,3757
2,3708
2,4904
2,7664
2,2364
2,7517
2,5201
2,4069
2,2037
2,5644
2,3138
2,1595
2,5238
2,4833
2,6609
2,3741
2,3145
2,7281
2,5525
2,1775
2,5034
2,3142
2,5371
2,164
2,199
2,5707
2,1443
2,2323
2,5165
2,7676
2,2895
2,5984
2,5517
2,4177
2,6233
2,752
2,4541
2,7160
2,6788
2,3253
2,5488
2,604
2,5086
2,2927
2,2103
2,3882
2,2917
2,5814
2,4063
2,1605
2,5802
2,2932
2,5860
2,7341
2,6262
2,3261
2,772
2,6779
2,6162
2,75
2,5946
2,4978
2,6230
2,2513
2,27
2,744
2,1854
2,1402
2,4441
2,583
2,581
2,4031
2,2604
2,258
2,3987
2,4030
2,2653
2,4666
2,2801
2,1093
2,7429
2,5253
2,511
2,5951
2,703
2,3282
2,6427
2,644
2,6793
2,4021
2,627
2,3585
2,1349
2,5288
2,5313
2,667
2,218
2,3429
2,5788
2,5330
2,7520
2,4136
2,5460
2,3357
2,2149
2,603
2,2087
2,5067
2,6661
2,6226
2,7136
2,859
2,833
2,7330
2,5822
2,6671
2,4413
2,7244
2,6263
2,1813
2,5228
2,6830
2,1271
2,4414
2,6227
2,1211
2,5193
2,6833
2,3168
2,3453
2,3831
2,3207
2,5465
2,5521
2,7954
2,6320
2,818
2,6322
2,5050
2,5837
2,5479
2,4268
2,6564
2,5345
2,5403
2,7282
2,6455
2,4644
2,3515
2,4679
2,417
2,226
2,916
2,7793
2,174
2,7566
2,5676
2,2363
2,5548
2,3146
2,7312
2,2100
2,6282
2,5698
2,3992
2,6091
2,3999
2,5541
2,2417
2,2322
2,5560
2,929
2,4095
2,5527
2,4748
2,7665
2,5659
2,4167
2,6900
2,2082
2,7609
2,5432
2,5416
2,4897
2,4013
2,5896
2,7241
2,1354
2,5534
2,6907
2,3990
2,1998
2,3229
2,5641
2,3573
2,7933
2,4559
2,4622
2,1601
2,5764
2,6284
2,1592
2,1609
2,6240
2,5218
2,1029
2,4450
2,6405
2,2536
2,7292
2,6197
2,4493
2,6732
2,334
2,7810
2,4009
2,6245
2,6185
2,5604
2,7744
2,5088
2,39
2,4394
2,4757
2,7529
2,84
2,6737
2,1831
2,5657
2,3793
2,4277
2,28
2,2554
2,1606
2,4180
2,101
2,6676
2,2155
2,1749
2,869
2,6157
2,4126
2,7079
2,5277
2,4483
2,493
2,109
2,6762
2,1109
2,1486
2,6758
2,7364
2,2236
2,3830
2,4271
2,4282
2,5464
2,1083
2,5886
2,7101
2,5926
2,5685
2,5239
2,4992
2,79
2,6149
2,166
2,1238
2,377
2,2355
2,3974
2,5433
2,1007
2,32
2,2440
2,4603
2,7675
2,2329
2,2255
2,788
2,6298
2,2696
2,7020
2,6835
2,7303
2,1930
2,950
2,1073
2,568
2,1762
2,7720
2,5800
2,975
2,2300
2,4940
2,5693
2,1714
2,1113
2,1157
2,6361
2,2069
2,3711
2,6808
2,3874
2,4995
2,1131
2,5726
2,176
2,214
2,739
2,5555
2,5715
2,1237
2,71
2,86
2,4899
2,7366
2,3481
2,76
2,6127
2,83
2,4619
2,7374
2,2146
2,6436
2,4609
2,5031
2,1695
2,1906
2,6678
2,66
2,1203
2,1089
2,4732
2,7941
2,5493
2,380
2,6108
2,4270
2,4223
2,5923
2,2573
2,4657
2,1872
2,571
2,1602
2,1440
2,2877
2,7200
2,3239
2,1403
2,2555
2,78
2,223
2,4082
2,340
2,73
2,4342
2,85
2,5076
2,4744
2,1096
2,3479
2,4138
2,5240
2,354
2,1326
2,2163
2,2025
2,6821
2,5903
2,812
2,6532
2,7993
2,3625
2,7004
2,2584
2,5710
2,753
2,3433
2,6823
2,5206
2,4812
2,5184
2,2633
2,2769
2,1077
2,523
2,3140
2,7400
2,4168
2,2557
2,4918
2,4438
2,6782
2,3750
2,947
2,5651
2,2315
2,1182
2,6561
2,5542
2,4073
2,6506
2,3354
2,2402
2,3531
2,6522
2,6279
2,4905
2,3539
2,1547
2,300
2,6278
2,7792
2,986
2,6502
2,3386
2,6827
2,6173
2,927
2,5660
2,3215
2,3257
2,3570
2,4922
2,3650
2,3388
2,5072
2,4446
2,69
2,2874
2,6177
2,7481
2,1559
2,4509
2,5632
2,3612
2,5954
2,7760
2,634
2,1491
2,2756
2,1506
2,2790
2,6437
2,3311
2,6473
2,26
2,3614
2,7362
2,6535
2,6884
2,6940
2,4033
2,93
2,2897
2,6380
2,183
2,7084
2,4703
2,260
2,38
2,3627
2,1780
2,7494
2,1566
2,1517
2,1830
2,5395
2,1703
2,5303
2,3776
2,958
2,5962
2,4527
2,5952
2,195
2,4387
2,5876
2,6613
2,1740
2,4862
2,6730
2,106
2,1637
2,7173
2,891
2,6472
2,2791
2,1891
2,4796
2,6924
2,6794
2,4597
2,2605
2,4545
2,6141
2,6142
2,6663
2,3746
2,1632
2,6768
2,6155
2,1114
2,6563
2,2483
2,1305
2,2010
2,2020
2,5029
2,5935
2,4551
2,4923
2,1449
2,3372
2,3170
2,616
2,1540
2,6305
2,6089
2,4867
2,5428
2,1603
2,5441
2,1908
2,5073
2,5861
2,1928
2,1221
2,3155
2,5524
2,1551
2,154
2,5543
2,1893
2,5366
2,3364
2,5672
2,1966
2,4200
2,7175
2,582
2,4530
2,7940
2,2535
2,2314
2,495
2,716
2,2844
2,5109
2,714
2,3375
2,629
2,699
2,7188
2,4632
2,2204
2,5750
2,1742
2,7103
2,7178
2,7170
2,5741
2,1084
2,7117
2,213
2,2919
2,6179
2,6401
2,4886
2,2689
2,5679
2,4882
2,3434
2,4552
2,1553
2,2843
2,1796
2,4755
2,7074
2,2302
2,5425
2,2929
2,1198
2,6128
2,2033
2,4235
2,6717
2,3180
2,3817
2,2435
2,4880
2,7859
2,3895
2,1996
2,3361
2,8011
2,6424
2,4380
2,21
2,886
2,6917
2,3298
2,1580
2,811
2,6545
2,6558
2,4855
2,7680
2,1264
2,4068
2,2224
2,6814
2,6164
2,6166
2,6527
2,3161
2,5373
2,3430
2,5237
2,5000
2,5195
2,3119
2,1836
2,2119
2,2585
2,4233
2,1533
2,7311
2,7100
2,4364
2,7466
2,151
2,3618
2,7095
2,4433
2,5321
2,1662
2,535
2,518
2,4667
2,6920
2,2716
2,5260
2,153
2,2863
2,7093
2,1977
2,2263
2,6463
2,165
2,3649
2,1368
2,2980
2,7013
2,779
2,2097
2,325
2,2714
2,1324
2,6789
2,5771
2,5098
2,356
2,3623
2,5219
2,5446
2,3672
2,4029
2,6191
2,420
2,2244
2,1342
2,158
2,6954
2,983
2,688
2,3154
2,7959
2,7320
2,4516
2,4549
2,1598
2,1179
2,5368
2,3790
2,4581
2,5514
2,149
2,2849
2,6643
2,5074
2,2669
2,1600
2,6192
2,6433
2,674
2,5225
2,3563
2,4361
2,3984
2,5135
2,6161
2,3594
2,2995
2,1127
2,4583
2,7324
2,4165
2,1099
2,1136
2,1269
2,185
2,5961
2,7762
2,4903
2,6913
2,2754
2,6090
2,845
2,6439
2,173
2,2114
2,3262
2,7476
2,1070
2,2133
2,948
2,181
2,177
2,1513
2,7115
2,7452
2,5438
2,670
2,341
2,677
2,1442
2,4390
2,7694
2,6571
2,5965
2,80
2,7974
2,6504
2,5247
2,5746
2,6975
2,7190
2,3300
2,5212
2,7521
2,182
2,186
2,7009
2,1288
2,2340
2,851
2,2925
2,3925
2,1554
2,4643
2,118
2,5539
2,3744
2,379
2,3338
2,4485
2,2253
2,3133
2,6042
2,1530
2,7487
2,7945
2,4894
2,1614
2,2561
2,6610
2,7286
2,1524
2,5379
2,5709
2,170
2,3519
2,7958
2,6011
2,6898
2,161
2,3613
2,1165
2,6110
2,7284
2,2640
2,4354
2,3266
2,4374
2,4900
2,3131
2,719
2,5537
2,965
2,5478
2,7679
2,5865
2,5149
2,4055
2,1526
2,897
2,1293
2,5021
2,4788
2,383
2,2243
2,1828
2,1750
2,3420
2,5292
2,1990
2,7491
2,3637
2,6107
2,6081
2,2997
2,122
2,5181
2,5855
2,3654
2,5211
2,785
2,6470
2,4079
2,3492
2,2805
2,6345
2,624
2,6420
2,74
2,1785
2,1188
2,6364
2,1002
2,168
2,1181
2,6912
3,5909
3,888
3,2023
3,2615
3,3202
3,6251
3,743
3,3273
3,7763
3,683
3,6237
3,98
3,4564
3,955
3,1085
3,766
3,6362
3,6358
3,771
3,2289
3,709
3,142
3,5358
3,6499
3,1090
3,5901
3,2639
3,6382
3,5989
3,868
3,6147
3,5498
3,3530
3,143
3,2245
3,1381
3,3234
3,1204
3,2819
3,1733
3,6354
3,747
3,2617
3,1800
3,4349
3,1538
3,5154
3,3976
3,3977
3,2792
3,7072
3,4736
3,5077
3,5285
3,6863
3,2333
3,3566
3,5424
3,3394
3,91
3,2534
3,3258
3,4975
3,5754
3,6236
3,6214
3,857
3,2588
3,4008
3,5005
3,1208
3,2762
3,52
3,6447
3,2157
3,5170
3,3607
3,6065
3,5457
3,5582
3,2528
3,892
3,6896
3,126
3,1837
3,2887
3,120
3,4439
3,2892
3,125
3,2128
3,3010
3,980
3,2399
3,4241
3,5307
3,5959
3,2625
3,1743
3,6180
3,1457
3,2862
3,4378
3,140
3,3499
3,1545
3,2638
3,5338
3,275
3,5914
3,4457
3,6662
3,6117
3,5204
3,395
3,7921
3,5471
3,7999
3,5047
3,7322
3,7206
3,7096
3,6387
3,7591
3,386
3,7944
3,5342
3,2569
3,1953
3,967
3,2239
3,1744
3,5827
3,3405
3,5480
3,3743
3,3342
3,5774
3,2121
3,1835
3,3762
3,3956
3,7212
3,4569
3,272
3,7689
3,2876
3,7035
3,1489
3,513
3,6978
3,4761
3,115
3,116
3,607
3,770
3,1065
3,3506
3,4388
3,6971
3,2607
3,6434
3,5056
3,2000
3,6542
3,506
3,3922
3,1620
3,4299
3,4780
3,909
3,96
3,6757
3,6193
3,3580
3,2404
3,4533
3,3551
3,1746
3,5332
3,5328
3,7402
3,2654
3,3710
3,4397
3,4473
3,7770
3,7970
3,5966
3,5114
3,269
3,6648
3,303
3,5495
3,6541
3,1689
3,2794
3,6549
3,1130
3,5122
3,5921
3,3402
3,6254
3,6306
3,2776
3,3571
3,1110
3,1814
3,6516
3,6805
3,7057
3,6215
3,2783
3,1799
3,591
3,1527
3,6697
3,2879
3,7713
3,6220
3,3829
3,2465
3,5351
3,5761
3,5760
3,7134
3,5831
3,3087
3,2512
3,6395
3,5070
3,3930
3,519
3,7799
3,3525
3,3640
3,4970
3,7469
3,1107
3,3276
3,3495
3,4785
3,5188
3,5491
3,1807
3,3941
3,7865
3,6477
3,1119
3,3333
3,6797
3,3148
3,5276
3,5090
3,4741
3,6937
3,6160
3,5028
3,5889
3,4260
3,1133
3,721
3,5137
3,7953
3,1529
3,7396
3,3440
3,4866
3,4267
3,4759
3,6710
3,2882
3,5407
3,762
3,4693
3,5554
3,4155
3,6760
3,5663
3,7471
3,6073
3,1266
3,5158
3,1818
3,1314
3,5046
3,2256
3,7537
3,1599
3,4973
3,2810
3,843
3,1870
3,4570
3,6067
3,3255
3,5893
3,3589
3,1197
3,3778
3,3550
3,6820
3,1826
3,374
3,4881
3,7979
3,2665
3,2503
3,4333
3,6398
3,288
3,5974
3,6775
3,2217
3,5410
3,3478
3,3527
3,1013
3,2854
3,3548
3,287
3,1190
3,2991
3,2022
3,7987
3,3177
3,393
3,5018
3,3520
3,2353
3,1645
3,5233
3,5422
3,6806
3,1223
3,1699
3,6290
3,426
3,4876
3,1132
3,2251
3,3418
3,976
3,3758
3,359
3,4377
3,1642
3,3524
3,5244
3,5246
3,4281
3,6378
3,3203
3,3552
3,6616
3,2129
3,5985
3,7668
3,7406
3,3668
3,6566
3,7049
3,2320
3,815
3,3497
3,6352
3,2807
3,6748
3,5186
3,2212
3,7557
3,3498
3,2111
3,3940
3,1504
3,7656
3,3355
3,673
3,3547
3,2324
3,1564
3,335
3,911
3,7367
3,7702
3,5068
3,5002
3,3437
3,2587
3,1521
3,3502
3,6189
3,4795
3,5695
3,4883
3,7774
3,2378
3,2856
3,1573
3,672
3,3439
3,761
3,3500
3,1043
3,3533
3,3602
3,800
3,1649
3,590
3,2785
3,5667
3,2627
3,4860
3,6280
3,5656
3,4401
3,4284
3,7650
3,5061
3,5476
3,1809
3,7061
3,632
3,5556
3,821
3,4187
3,7387
3,204
3,77
3,7853
3,2749
3,685
3,3598
3,3512
3,2898
3,29
3,3540
3,3840
3,906
3,1954
3,7542
3,7768
3,6713
3,2962
3,7040
3,7594
3,2451
3,2350
3,2847
3,3353
3,5550
3,7228
3,2718
3,2593
3,6962
3,444
3,7801
3,4871
3,331
3,6416
3,2777
3,1707
3,6413
3,1334
3,2809
3,6082
3,6443
3,5108
3,2757
3,4023
3,6980
3,3236
3,7363
3,4253
3,3046
3,588
3,5362
3,6206
3,5314
3,2913
3,4096
3,741
3,405
3,6074
3,1057
3,3344
3,4399
3,7271
3,1819
3,4901
3,1166
3,1480
3,3543
3,2159
3,399
3,7790
3,4384
3,1496
3,2226
3,4436
3,7187
3,3815
3,816
3,5787
3,746
3,3657
3,3322
3,938
3,3808
3,7779
3,6168
3,1081
3,5773
3,4576
3,4393
3,5357
3,5290
3,1575
3,6983
3,6194
3,5051
3,4475
3,2530
3,1186
3,6268
3,5775
3,2589
3,4650
3,6403
3,941
3,5064
3,4345
3,6841
3,2985
3,6126
3,216
3,6104
3,7338
3,7377
3,6984
3,2147
3,3753
3,1214
3,998
3,3526
3,7043
3,2502
3,3121
3,839
3,6602
3,1027
3,940
3,6366
3,6720
3,3368
3,5449
3,1283
3,3601
3,121
3,6968
3,4596
3,2066
3,2374
3,1874
3,2266
3,2636
3,5140
3,7176
3,3080
3,281
3,2840
3,2906
3,3593
3,6223
3,718
3,3560
3,6686
3,3508
3,642
3,1757
3,2234
3,7761
3,6544
3,2308
3,5662
3,2733
3,3869
3,2728
3,7159
3,4787
3,5325
3,7091
3,7408
3,3136
3,4670
3,1536
3,5513
3,5518
3,4022
3,6680
3,2831
3,54
3,1754
3,2661
3,187
3,4661
3,4872
3,7937
3,4007
3,3411
3,3137
3,3648
3,8018
3,1479
3,830
3,4199
3,594
3,5634
3,3026
3,5840
3,1567
3,3985
3,4783
3,6423
3,2330
3,3759
3,4692
3,3822
3,3578
3,5304
3,7389
3,3206
3,708
3,3264
3,3412
3,2009
3,364
3,6283
3,7649
3,1310
3,4797
3,5887
3,6874
3,2453
3,3792
3,2694
3,2044
3,6407
3,7648
3,1490
3,4108
3,2304
3,3302
3,3365
3,3923
3,4513
3,2206
3,6818
3,3671
3,2871
3,7458
3,836
3,5301
3,4839
3,6669
3,90
3,7726
3,6264
3,1626
3,3380
3,3445
3,7776
3,5452
3,2629
3,1139
3,1304
3,935
3,6880
3,7616
3,3553
3,1797
3,6690
3,3341
3,1802
3,7688
3,48
3,638
3,6915
3,5227
3,6987
3,2668
3,219
3,7683
3,1806
3,3514
3,882
3,6072
3,7502
3,1041
3,1406
3,389
3,1128
3,3509
3,6083
3,119
3,4152
3,4689
3,3073
3,3366
3,2678
3,7531
3,6241
3,5382
3,1078
3,1700
3,2909
3,283
3,7951
3,6642
3,7094
3,6070
3,4020
3,5627
3,241
3,4642
3,4244
3,5666
3,1774
3,2861
3,5007
3,7819
3,1121
3,3924
3,5528
3,4832
3,4293
3,4318
3,3957
3,1702
3,1331
3,6229
3,3590
3,1648
3,3048
3,5341
3,7358
3,301
3,2851
3,3489
3,2901
3,3091
3,3315
3,4690
3,1322
3,6581
3,2215
3,5469
3,4595
3,6944
3,6587
3,875
3,841
3,1824
3,999
3,2850
3,2117
3,2763
3,4565
3,3288
3,3339
3,3608
3,5107
3,2421
3,5559
3,3785
3,1736
3,15
3,5241
3,3904
3,4430
3,1787
3,2317
3,6593
3,4499
3,2108
3,5370
3,828
3,7823
3,2823
3,4586
3,3529
3,2765
3,3630
3,7054
3,7294
3,6687
3,5877
3,6605
3,7559
3,5792
3,4395
3,6124
3,5483
3,22
3,6936
3,4321
3,7687
3,3463
3,5579
3,3271
3,2414
3,4884
3,5369
3,3516
3,7982
3,4594
3,961
3,2096
3,1871
3,384
3,1244
3,5647
3,1933
3,6213
3,1596
3,2021
3,1039
3,625
3,3894
3,7056
3,5427
3,7031
3,5363
3,4772
3,8019
3,3760
3,1373
3,7482
3,3732
3,2860
3,7821
3,3314
3,5631
3,4715
3,7592
3,6957
3,7457
3,3562
3,144
3,7114
3,4116
3,3360
3,7815
3,651
3,720
3,6063
3,650
3,1896
3,4799
3,4694
3,649
3,7919
3,3076
3,2120
3,2676
3,5097
3,4602
3,1613
3,6442
3,639
3,5318
3,337
3,4278
3,3588
3,3332
3,7240
3,2517
3,913
3,1894
3,6494
3,4112
3,676
3,5167
3,5169
3,7042
3,2660
3,7628
3,7278
3,3745
3,5858
3,5990
3,5538
3,7657
3,3060
3,4794
3,5852
3,2136
3,1405
3,561
3,578
3,6653
3,7401
3,1222
3,4075
3,1205
3,6088
3,1471
3,697
3,860
3,7334
3,596
3,606
3,4806
3,564
3,6857
3,1369
3,1936
3,6684
3,6636
3,7948
3,593
3,595
3,2260
3,645
3,3688
3,1243
3,4641
3,4221
3,5982
3,3482
3,6013
3,3960
3,614
3,612
3,615
3,4025
3,668
3,1784
3,6811
3,3931
3,6344
3,2751
3,3290
3,515
3,6718
3,3722
3,2046
3,4463
3,1464
3,1468
3,711
3,2727
3,1245
3,2150
3,448
3,7601
3,6590
3,353
3,1729
3,4835
3,4162
3,4606
3,2014
3,1565
3,4542
3,2750
3,5283
3,4957
3,817
3,4543
3,4921
3,5152
3,2122
3,7291
3,725
3,4733
3,6501
3,6675
3,1510
3,7306
3,7858
3,1532
3,7617
3,2781
3,4226
3,3847
3,7930
3,3488
3,2601
3,5231
3,712
3,5734
3,2663
3,2017
3,6543
3,6056
3,7315
3,1705
3,2800
3,764
3,7044
3,3156
3,4651
3,1187
3,36
3,981
3,5289
3,4084
3,2183
3,3343
3,669
3,1737
3,6699
3,4225
3,3370
3,735
3,3717
3,3135
3,5786
3,745
3,3554
3,4427
3,4344
3,462
3,5638
3,2481
3,4792
3,4898
3,256
3,6445
3,1550
3,6449
3,3541
3,7139
3,450
3,505
3,6255
3,807
3,3897
3,3656
3,5643
3,1617
3,6507
3,6415
3,3538
3,438
3,7223
3,1843
3,2508
3,7181
3,3971
3,1359
3,4960
3,2975
3,500
3,2821
3,439
3,1215
3,6208
3,419
3,700
3,4217
3,694
3,671
3,6450
3,3169
3,774
3,7669
3,2233
3,6372
3,5189
3,5532
3,7336
3,1582
3,3622
3,2529
3,3715
3,7038
3,4547
3,5334
3,5327
3,6709
3,3241
3,7718
3,6704
3,1839
3,6048
3,390
3,2915
3,5576
3,3165
3,6568
3,6791
3,4105
3,4575
3,3198
3,6923
3,6158
3,410
3,4929
3,1883
3,402
3,2701
3,5361
3,5492
3,1097
3,3465
3,5730
3,6725
3,1857
3,6492
3,3896
3,4526
3,2135
3,404
3,6722
3,5594
3,3289
3,6826
3,5992
3,3419
3,5431
3,3458
3,1652
3,3528
3,1384
3,3507
3,2553
3,7508
3,3962
3,3225
3,4974
3,4169
3,946
3,5494
3,7277
3,5374
3,813
3,6459
3,2586
3,1185
3,6486
3,7261
3,5781
3,1050
3,5691
3,1903
3,765
3,5144
3,3381
3,914
3,5414
3,1618
3,2478
3,2269
3,1236
3,6612
3,6
3,924
3,2359
3,2356
3,5151
3,532
3,2507
3,2961
3,7448
3,5646
3,2520
3,3496
3,3303
3,514
3,5873
3,704
3,7961
3,3673
3,6886
3,1577
3,5141
3,6308
3,1901
3,6393
3,5487
3,1158
3,1932
3,707
3,3040
3,6578
3,7105
3,3147
3,6963
3,6318
3,6872
3,4553
3,526
3,1900
3,418
3,7399
3,1899
3,6623
3,2960
3,2771
3,618
3,6865
3,2848
3,1259
3,2415
3,7119
3,1260
3,5035
3,2695
3,2408
3,3699
3,7342
3,6637
3,4737
3,5526
3,1217
3,4178
3,2690
3,6079
3,6224
3,1018
3,6087
3,7166
3,2662
3,5540
3,4887
3,7153
3,6772
3,4959
3,4229
3,4255
3,1261
3,7451
3,5859
3,3205
3,4713
3,1482
3,2168
3,978
3,2935
3,1019
3,7346
3,5785
3,1315
3,1716
3,4049
3,2154
3,3260
3,6452
3,7778
3,1051
3,5173
3,6901
3,4662
3,7757
3,1370
3,5221
3,1955
3,329
3,1798
3,2083
3,7231
3,7692
3,3448
3,3686
3,3742
3,6289
3,307
3,8001
3,1234
3,1232
3,3970
3,1134
3,6979
3,4041
3,3427
3,4186
3,3449
3,3667
3,4141
3,4681
3,543
3,1273
3,1272
3,6015
3,1262
3,6767
3,2432
3,2106
3,1059
3,810
3,1338
3,6112
3,1445
3,7380
3,5063
3,3574
3,3280
3,2712
3,3761
3,1546
3,6050
3,5156
3,1728
3,2450
3,6918
3,1356
3,527
3,1777
3,3143
3,1361
3,7118
3,1444
3,1465
3,2705
3,4376
3,6152
3,5420
3,1227
3,5823
3,6207
3,4389
3,5443
3,3371
3,4398
3,4319
3,7643
3,4314
3,2782
3,5367
3,4083
3,4428
3,3268
3,2191
3,3474
3,7065
3,6925
3,5652
3,1346
3,7931
3,1508
3,7087
3,4478
3,7975
3,2943
3,4870
3,7662
3,6845
3,398
3,7935
3,586
3,2495
3,3652
3,5087
3,2167
3,4618
3,3278
3,2124
3,7928
3,2095
3,3275
3,2032
3,5854
3,1459
3,6960
3,1776
3,656
3,4523
3,2060
3,1585
3,1367
3,2773
3,6645
3,1999
3,928
3,6338
3,1102
3,2890
3,3285
3,3141
3,6178
3,4243
3,1438
3,7340
3,6649
3,6438
3,4103
3,5927
3,268
3,6497
3,915
3,7567
3,6813
3,1122
3,7138
3,7791
3,1823
3,1628
3,3843
3,6184
3,1884
3,7920
3,6086
3,1040
3,7071
3,1832
3,6466
3,1895
3,951
3,4674
3,2158
3,1500
3,6246
3,4775
3,6575
3,2556
3,889
3,883
3,1313
3,7086
3,4845
3,2734
3,878
3,1541
3,1067
3,863
3,957
3,861
3,1929
3,3684
3,1064
3,850
3,6765
3,1160
3,4637
3,5697
3,3295
3,5789
3,3210
3,1904
3,4831
3,1720
3,3299
3,198
3,2708
3,141
3,6964
3,5015
3,1624
3,903
3,902
3,901
3,1072
3,5625
3,2703
3,7185
3,1176
3,4931
3,6565
3,6624
3,7629
3,937
3,4511
3,6422
3,7674
3,844
3,3337
3,6873
3,7509
3,7329
3,4272
3,4683
3,279
3,1159
3,7000
3,1556
3,7179
3,212
3,1229
3,5938
3,3513
3,388
3,3600
3,1640
3,1225
3,1209
3,2225
3,2479
3,3494
3,5608
3,5529
3,6698
3,4520
3,5008
3,3606
3,5124
3,5397
3,4982
3,1193
3,3088
3,1366
3,1155
3,2406
3,1869
3,619
3,1975
3,6080
3,4563
3,3447
3,3567
3,4669
3,3991
3,5245
3,1587
3,5282
3,1816
3,2381
3,5885
3,6803
3,1593
3,6911
3,5082
3,2675
3,2012
3,3908
3,6281
3,4578
3,4554
3,5988
3,369
3,4453
3,563
3,4484
3,6945
3,918
3,3663
3,4612
3,3277
3,4801
3,1542
3,2538
3,2926
3,460
3,1290
3,3204
3,4756
3,4968
3,2977
3,6976
3,285
3,7267
3,6763
3,5203
3,2454
3,3396
3,302
3,1003
3,3120
3,6550
3,5740
3,6799
3,1578
3,2271
3,2685
3,6367
3,5561
3,2112
3,217
3,7709
3,4665
3,7785
3,7862
3,2949
3,1623
3,2859
3,7447
3,413
3,873
3,777
3,5971
3,7037
3,4532
3,4148
3,5552
3,2996
3,1024
3,4673
3,2395
3,6232
3,3921
3,2464
3,6343
3,1351
3,271
3,6498
3,5258
3,5142
3,7782
3,6783
3,6721
3,2788
3,926
3,1849
3,261
3,2772
3,5445
3,465
3,7078
3,5994
3,2884
3,7984
3,5148
3,3738
3,6406
3,5595
3,304
3,3901
3,751
3,6617
3,7016
3,3712
3,7343
3,2422
3,5880
3,6014
3,5286
3,4391
3,294
3,6683
3,3235
3,3946
3,7275
3,2164
3,3809
3,6346
3,6075
3,2493
3,698
3,2656
3,963
3,6094
3,4646
3,6631
3,2632
3,6348
3,4976
3,5717
3,1017
3,3521
3,5911
3,2886
3,3220
3,5998
3,3604
3,5516
3,1239
3,5143
3,220
3,3362
3,4054
3,1220
3,993
3,6582
3,3582
3,3387
3,5658
3,7365
3,6319
3,3263
3,5515
3,7652
3,3223
3,3879
3,4115
3,3584
3,3721
3,3723
3,605
3,3224
3,2624
3,5645
3,5392
3,5813
3,4567
3,6431
3,6435
3,396
3,7164
3,4015
3,7991
3,5622
3,7155
3,2088
3,4040
3,7368
3,4071
3,5320
3,5010
3,6802
3,2105
3,4459
3,5004
3,7391
3,1548
3,2547
3,530
3,6267
3,3545
3,1091
3,2246
3,1202
3,1277
3,371
3,264
3,5924
3,351
3,274
3,3846
3,7150
3,2748
3,1935
3,600
3,6822
3,5606
3,6495
3,3988
3,4454
3,7522
3,3575
3,5987
3,2717
3,1745
3,919
3,1961
3,3955
3,7064
3,4051
3,1862
3,5752
3,1006
3,6357
3,7526
3,930
3,3016
3,1534
3,6381
3,7123
3,5737
3,4572
3,5287
3,368
3,2543
3,3226
3,7305
3,5251
3,2713
3,4315
3,1268
3,6668
3,7973
3,5881
3,4179
3,2198
3,2608
3,4080
3,7390
3,7818
3,5243
3,5350
3,6295
3,1876
3,3126
3,6800
3,498
3,7332
3,4664
3,4752
3,2235
3,4166
3,257
3,7701
3,780
3,5496
3,5025
3,6101
3,4859
3,2380
3,7864
3,991
3,6138
3,230
3,7861
3,1174
3,5380
3,4222
3,6451
3,2303
3,295
3,7376
3,4258
3,2888
3,3183
3,7157
3,5845
3,5451
3,5222
3,463
3,4892
3,7182
3,820
3,654
3,6410
3,6252
3,2667
3,375
3,4851
3,7172
3,1417
3,3477
3,7313
3,4874
3,5134
3,7965
3,1183
3,7635
3,7128
3,5437
3,5505
3,3166
3,4560
3,5444
3,1360
3,1005
3,5160
3,1233
3,1088
3,3199
3,3619
3,6677
3,6707
3,5716
3,5879
3,203
3,5905
3,3251
3,6175
3,6876
3,5486
3,5798
3,7440
3,4556
3,1934
3,1845
3,5884
3,81
3,3267
3,344
3,3471
3,4844
3,4269
3,971
3,362
3,1148
3,6795
3,7796
3,7507
3,7695
3,3576
3,6935
3,5175
3,346
3,1156
3,4275
3,5315
3,211
3,2372
3,1115
3,6875
3,5360
3,6784
3,2947
3,2647
3,4476
3,2835
3,277
3,4942
3,6761
3,2015
3,969
3,3383
3,201
3,135
3,4790
3,682
3,7724
3,797
3,2423
3,5145
3,7939
3,2600
3,196
3,4465
3,5509
3,2523
3,7530
3,2827
3,3404
3,6216
3,6700
3,5387
3,2579
3,3214
3,5567
3,370
3,412
3,7268
3,5172
3,292
3,2466
3,3452
3,1850
3,400
3,2657
3,2368
3,6614
3,2706
3,4237
3,7308
3,4760
3,6496
3,372
3,620
3,4592
3,3272
3,1100
3,5036
3,280
3,598
3,7430
3,2299
3,4274
3,3603
3,2030
3,7607
3,7201
3,6414
3,6608
3,7519
3,5323
3,4011
3,1515
3,640
3,1907
3,7653
3,7767
3,6428
3,7654
3,1164
3,6331
3,4705
3,6054
3,1350
3,4868
3,5703
3,6134
3,7144
3,7551
3,6068
3,1124
3,2544
3,224
3,2031
3,2071
3,2116
3,4133
3,3705
3,6633
3,456
3,1773
3,805
3,4807
3,661
3,748
3,5907
3,3232
3,7949
3,6644
3,5727
3,6174
3,6716
3,3117
3,3466
3,5803
3,1082
3,3245
3,6487
3,6943
3,6792
3,7808
3,6733
3,4102
3,2516
3,7651
3,3572
3,4987
3,2011
3,4863
3,3595
3,6790
3,6715
3,7620
3,1501
3,3151
3,1112
3,516
3,5648
3,1563
3,1661
3,4913
3,3367
3,5523
3,6639
3,7667
3,4676
3,3948
3,1049
3,1940
3,6159
3,4452
3,7590
3,908
3,7706
3,4406
3,3692
3,5832
3,4955
3,7132
3,342
3,7259
3,4878
3,1048
3,1167
3,3316
3,2001
3,7655
3,1584
3,6801
3,6340
3,6646
3,3247
3,7627
3,6247
3,7938
3,4294
3,3609
3,45
3,2084
3,4143
3,6047
3,5801
3,4590
3,1228
3,2172
3,6303
3,2499
3,6885
3,1561
3,4100
3,680
3,5229
3,7263
3,255
3,6514
3,756
3,2190
3,3184
3,1866
3,139
3,5324
3,2546
3,3244
3,190
3,2646
3,4909
3,4046
3,7612
3,1117
3,4087
3,4379
3,7952
3,5185
3,7168
3,7099
3,4962
3,3176
3,4842
3,2498
3,2007
3,7339
3,150
3,4089
3,5166
3,5319
3,133
3,6906
3,1336
3,3564
3,373
3,3577
3,4411
3,4994
3,4544
3,4227
3,4163
3,4944
3,1865
3,7279
3,169
3,1374
3,6641
3,6243
3,6296
3,6446
3,7955
3,2003
3,5825
3,7067
3,6922
3,4495
3,4026
3,4841
3,6325
3,4735
3,4489
3,7276
3,4106
3,2196
3,4313
3,7337
3,2197
3,4824
3,5106
3,1118
3,1372
3,1145
3,221
3,3291
3,1591
3,7632
3,952
3,1192
3,4958
3,5298
3,648
3,4462
3,524
3,2396
3,6183
3,70
3,4648
3,1231
3,2519
3,666
3,4418
3,5669
3,6153
3,6293
3,5795
3,7640
3,6738
3,382
3,1511
3,3248
3,422
3,4766
3,7069
3,2081
3,4743
3,6311
3,4768
3,4099
3,7092
3,50
3,1505
3,6787
3,1472
3,1103
3,3246
3,1855
3,2570
3,3824
3,5168
3,5700
3,1558
3,6211
3,68
3,537
3,6339
3,773
3,3951
3,4589
3,5461
3,6734
3,6355
3,2551
3,4817
3,7673
3,5810
3,4615
3,2599
3,7527
3,4964
3,4767
3,6060
3,6754
3,1056
3,5768
3,3269
3,4487
3,4491
3,2468
3,6919
3,7611
3,53
3,692
3,1795
3,3265
3,4298
3,7997
3,3292
3,6556
3,5665
3,769
3,893
3,5132
3,4827
3,34
3,5311
3,7610
3,3950
3,5208
3,1371
3,5736
3,5223
3,7184
3,3393
3,4311
3,6441
3,2574
3,5732
3,6832
3,7082
3,837
3,1537
3,3720
3,110
3,6421
3,6218
3,7111
3,5192
3,1638
3,5797
3,5118
3,5183
3,7659
3,829
3,4045
3,2102
3,103
3,734
3,7257
3,4417
3,7131
3,7274
3,4600
3,7270
3,4529
3,2550
3,5003
3,2571
3,5779
3,4808
3,1163
3,1098
3,6323
3,1647
3,834
3,1146
3,1555
3,3632
3,1123
3,4074
3,533
3,1104
3,2707
3,3949
3,4482
3,2115
3,6947
3,6347
3,4081
3,6425
3,3820
3,4091
3,6221
3,6163
3,7211
3,6735
3,1060
3,2192
3,4672
3,6942
3,7696
3,5344
3,3376
3,2603
3,5121
3,3646
3,5343
3,1106
3,3561
3,7503
3,4305
3,633
3,5510
3,4070
3,6454
3,3972
3,695
3,4101
3,7051
3,4481
3,1978
3,4558
3,4506
3,4519
3,5503
3,4501
3,4088
3,3591
3,6630
3,1543
3,932
3,4675
3,5778
3,4419
3,5348
3,2474
3,610
3,1902
3,733
3,5349
3,2938
3,2532
3,5355
3,5388
3,2029
3,5190
3,6640
3,4635
3,4861
3,210
3,3321
3,925
3,5279
3,5829
3,520
3,1878
3,681
3,5462
3,7677
3,6204
3,4965
3,117
3,5551
3,4018
3,1038
3,7283
3,6599
3,2013
3,5384
3,7116
3,1970
3,4668
3,540
3,4014
3,2582
3,254
3,2480
3,4076
3,4731
3,900
3,2606
3,7097
3,46
3,6429
3,309
3,6828
3,6921
3,1483
3,6150
3,1829
3,4502
3,4024
3,5530
3,4050
3,6714
3,4800
3,1852
3,768
3,4950
3,5150
3,2016
3,6238
3,6329
3,5467
3,4620
3,3748
3,1362
3,675
3,5125
3,4086
3,41
3,6824
3,4633
3,5159
3,5155
3,2166
3,1045
3,1499
3,5209
3,5326
3,202
3,713
3,4607
3,1151
3,7697
3,5126
3,2552
3,308
3,3559
3,5812
3,2933
3,2531
3,4879
3,3994
3,2475
3,5535
3,2704
3,5147
3,7083
3,3293
3,4949
3,2598
3,2173
3,541
3,4823
3,5637
3,7264
3,2583
3,5459
3,7600
3,2176
3,7630
3,5393
3,4943
3,7625
3,5401
3,7068
3,35
3,4765
3,4746
3,3174
3,2562
3,7672
3,4993
3,4142
3,4634
3,3153
3,1154
3,5259
3,43
3,4585
3,7260
3,899
3,4137
3,4140
3,2005
3,7122
3,864
3,4840
3,2944
3,1973
3,3379
3,4028
3,1502
3,3173
3,3336
3,5391
3,3167
3,6807
3,6603
3,306
3,4954
3,7112
3,5404
3,1956
3,3674
3,2549
3,5316
3,1639
3,4605
3,102
3,7927
3,200
3,97
3,2019
3,822
3,2085
3,5194
3,4579
3,7245
3,5870
3,6269
3,107
3,5402
3,6638
3,5383
3,4042
3,4036
3,4027
3,1092
3,4098
3,40
3,4092
3,1794
3,7544
3,3283
3,2494
3,3583
3,6402
3,6408
3,3317
3,4593
3,1061
3,124
3,1952
3,8013
3,4504
3,1052
3,5871
3,3382
3,1111
3,7036
3,4490
3,6258
3,917
3,7622
3,5782
3,4047
3,37
3,1879
3,1655
3,4984
3,1690
3,2151
3,2693
3,145
3,4412
3,7063
3,522
3,3320
3,5157
3,7124
3,5001
3,4838
3,1196
3,5474
3,7197
3,391
3,2709
3,1503
3,1960
3,6186
3,4037
3,4440
3,4442
3,6321
3,6816
3,5347
3,710
3,702
3,5105
3,5724
3,4480
3,3116
3,5408
3,95
3,4963
3,1116
3,1641
3,3819
3,6786
3,832
3,5780
3,51
3,2611
3,4477
3,3556
3,8017
3,3581
3,5872
3,6336
3,4588
3,5220
3,7344
3,6341
3,197
3,7017
3,31
3,2162
3,363
3,2677
3,6375
3,2592
3,4896
3,6771
3,1625
3,7614
3,7618
3,2034
3,1660
3,1105
3,7661
3,6465
3,3707
3,6388
3,3270
3,6151
3,3645
3,6313
3,3378
3,6905
3,6052
3,1055
3,2684
3,3175
3,3596
3,529
3,5704
3,6248
3,1636
3,6596
3,5162
3,17
3,6469
3,3287
3,658
3,5784
3,5830
3,6400
3,737
3,6103
3,1688
3,767
3,6093
3,5838
3,1161
3,755
3,6702
3,3318
3,47
3,750
