id,calories,sugar,fat
137739,51.5,13.0,0.0
31490,173.4,0.0,17.0
112140,269.8,32.0,48.0
59389,368.1,10.0,2.0
44061,352.9,337.0,23.0
5289,160.2,55.0,3.0
25274,380.7,7.0,24.0
67888,1109.5,378.0,275.0
70971,4270.8,1306.0,111.0
75452,2669.3,976.0,107.0
109439,79.2,58.0,0.0
42198,734.1,199.0,10.0
67547,462.4,214.0,69.0
107517,315.8,202.0,9.0
39959,8.2,0.0,0.0
63986,105.7,0.0,26.0
43026,94.0,0.0,11.0
23933,232.7,77.0,4.0
8559,395.4,20.0,29.0
23850,174.2,24.0,1.0
76808,126.0,2.0,14.0
24701,64.8,13.0,54.0
83873,335.8,2.0,24.0
107699,1663.3,168.0,66.0
49262,1290.4,4.0,53.0
48156,182.7,4.0,1.0
54272,295.6,56.0,76.0
47366,346.9,18.0,42.0
37073,132.6,4.0,3.0
44123,804.7,26.0,19.0
27087,174.4,67.0,5.0
59952,456.8,34.0,67.0
93249,1649.8,4.0,128.0
54100,190.9,10.0,10.0
67664,164.6,5.0,1.0
87098,276.2,55.0,18.0
25775,166.1,6.0,32.0
33165,152.5,20.0,13.0
38798,53.8,2.0,3.0
22123,647.6,57.0,58.0
90921,783.4,107.0,56.0
93959,172.8,61.0,9.0
93958,171.8,28.0,10.0
58224,223.2,4.0,7.0
33606,279.2,12.0,22.0
94710,241.0,1.0,23.0
35173,816.9,11.0,97.0
83025,5467.4,1196.0,135.0
52804,612.1,170.0,25.0
108414,400.2,43.0,31.0
26995,724.4,297.0,20.0
53402,370.5,21.0,57.0
59632,794.2,9.0,30.0
22526,575.3,116.0,34.0
100870,987.8,195.0,106.0
84797,1615.2,323.0,74.0
35653,175.2,15.0,8.0
32169,255.2,39.0,18.0
24478,3.1,0.0,0.0
44045,67.1,2.0,7.0
60219,325.3,11.0,39.0
81185,115.9,21.0,19.0
30131,199.2,6.0,10.0
63593,22.9,5.0,0.0
43164,510.6,10.0,21.0
30300,3.0,1.0,0.0
78655,181.1,6.0,17.0
74805,276.3,2.0,1.0
71635,387.6,98.0,12.0
38276,477.1,24.0,21.0
97052,517.2,29.0,2.0
26835,456.6,164.0,15.0
32271,1389.5,410.0,26.0
107229,617.5,13.0,20.0
5060,180.7,29.0,3.0
42570,213.6,0.0,26.0
52443,183.3,9.0,15.0
35595,33.1,11.0,0.0
108804,227.2,8.0,29.0
83950,1260.7,11.0,71.0
19208,110.1,91.0,0.0
64302,572.6,113.0,11.0
35964,580.0,362.0,15.0
71457,253.0,64.0,10.0
95926,238.0,66.0,10.0
103948,692.2,16.0,17.0
99024,132.4,0.0,8.0
64045,649.6,104.0,116.0
41756,114.6,45.0,5.0
112959,12.8,0.0,0.0
83062,3043.4,984.0,107.0
98930,190.5,3.0,3.0
83133,179.3,119.0,36.0
39947,140.4,133.0,1.0
44895,5728.3,1941.0,87.0
39363,175.7,65.0,9.0
62368,6007.2,1772.0,149.0
111875,354.2,94.0,2.0
42522,184.8,0.0,7.0
34930,449.2,16.0,19.0
63793,73.1,15.0,0.0
61973,159.0,58.0,10.0
45859,72.0,61.0,0.0
58651,172.4,51.0,1.0
59534,650.0,41.0,35.0
24137,458.1,6.0,4.0
40237,2252.6,802.0,101.0
18537,373.9,70.0,3.0
104243,501.0,17.0,41.0
105069,176.6,11.0,26.0
70099,231.1,21.0,32.0
333281,138.4,50.0,3.0
234069,89.6,89.0,0.0
37841,264.7,4.0,36.0
144952,1268.7,70.0,96.0
453467,595.1,211.0,22.0
31835,157.7,11.0,20.0
197013,165.7,30.0,46.0
306168,194.8,6.0,32.0
286009,878.3,326.0,13.0
24514,422.5,20.0,46.0
42508,969.6,55.0,83.0
116679,212.0,11.0,19.0
124286,3987.2,1306.0,260.0
190,558.1,55.0,41.0
475785,267.0,12.0,12.0
17265,350.0,109.0,13.0
50662,2450.5,20.0,90.0
177187,150.4,47.0,3.0
118843,5286.9,1630.0,159.0
208179,339.0,100.0,7.0
500166,249.4,4.0,6.0
501028,270.2,26.0,48.0
136602,388.7,100.0,20.0
69190,346.7,23.0,53.0
503475,358.2,62.0,14.0
522861,1003.8,21.0,103.0
457136,708.6,19.0,24.0
455351,651.8,12.0,16.0
333797,160.4,0.0,34.0
428056,33.2,12.0,25.0
306245,61.8,2.0,6.0
523359,259.7,18.0,31.0
495314,233.5,209.0,52.0
149593,209.3,44.0,8.0
227924,455.3,158.0,13.0
100540,195.3,14.0,26.0
155959,673.5,18.0,67.0
29214,153.4,29.0,22.0
92533,397.7,5.0,11.0
209203,1063.2,155.0,74.0
42151,707.1,91.0,147.0
327356,47.2,2.0,0.0
325509,190.9,2.0,0.0
236184,682.6,43.0,43.0
241445,607.1,40.0,65.0
149887,365.4,105.0,10.0
112984,75.2,23.0,10.0
200148,252.6,66.0,4.0
445026,484.1,7.0,32.0
70611,261.7,0.0,3.0
273326,1594.9,26.0,22.0
310570,428.1,11.0,40.0
318677,455.7,38.0,72.0
80050,442.5,246.0,6.0
269984,361.1,25.0,39.0
317508,212.9,5.0,16.0
53872,308.8,13.0,21.0
268942,383.1,30.0,44.0
176110,447.0,175.0,32.0
205331,338.9,35.0,90.0
165856,597.1,9.0,22.0
474769,325.2,7.0,13.0
138005,196.4,0.0,6.0
216945,402.9,18.0,124.0
164526,89.3,35.0,0.0
50184,473.2,23.0,7.0
316470,248.7,216.0,0.0
343338,183.0,10.0,0.0
137434,198.2,15.0,8.0
95534,657.6,3.0,21.0
30473,13.7,11.0,0.0
24470,157.7,6.0,19.0
311991,257.4,47.0,23.0
225707,742.5,118.0,20.0
242830,300.5,6.0,6.0
336744,308.0,6.0,30.0
83542,2488.6,775.0,133.0
91626,761.1,56.0,31.0
303457,104.8,4.0,0.0
176717,328.4,205.0,7.0
39226,80.5,37.0,89.0
216030,636.8,203.0,15.0
268169,498.9,3.0,8.0
98357,1036.0,23.0,90.0
150365,161.1,12.0,5.0
243251,154.0,14.0,8.0
20186,328.3,27.0,73.0
109818,173.5,38.0,21.0
243785,310.7,9.0,27.0
207525,375.4,14.0,30.0
226246,339.6,141.0,15.0
353044,209.5,64.0,1.0
263781,205.7,12.0,19.0
66932,372.6,13.0,2.0
48131,36.3,3.0,2.0
32363,191.9,6.0,17.0
293225,1187.4,205.0,19.0
235173,165.3,4.0,0.0
226001,198.6,57.0,8.0
220186,333.4,39.0,22.0
217201,792.5,1.0,11.0
194665,280.0,19.0,34.0
269909,3557.7,1228.0,140.0
259693,631.2,2.0,39.0
161370,226.6,15.0,6.0
152261,286.6,273.0,0.0
152259,76.5,57.0,0.0
303460,142.3,19.0,27.0
270259,185.5,75.0,4.0
345123,489.7,54.0,22.0
125195,173.1,25.0,11.0
141939,215.0,14.0,15.0
171442,1398.0,83.0,56.0
212188,197.4,43.0,36.0
262208,245.1,4.0,6.0
207857,95.3,38.0,0.0
221049,302.6,8.0,18.0
221116,567.3,79.0,11.0
130819,310.3,154.0,7.0
20223,31.2,1.0,6.0
190108,336.8,33.0,39.0
158372,104.0,1.0,4.0
219681,516.1,13.0,27.0
261215,366.5,120.0,16.0
179640,265.2,112.0,10.0
250883,84.3,15.0,2.0
140855,474.1,12.0,18.0
120297,327.6,16.0,14.0
130492,510.8,82.0,35.0
164634,107.0,62.0,15.0
293836,236.9,1.0,0.0
169586,220.3,21.0,38.0
261296,141.2,26.0,30.0
101115,1040.1,16.0,55.0
271594,286.8,8.0,36.0
164291,258.6,9.0,17.0
251528,572.9,76.0,60.0
250833,401.8,89.0,15.0
343448,6.6,0.0,38.0
39893,163.2,11.0,19.0
147477,119.9,1.0,7.0
223349,283.5,25.0,11.0
86768,4076.9,1181.0,71.0
197001,338.9,150.0,2.0
60938,503.9,9.0,23.0
228491,215.1,15.0,30.0
451515,193.4,0.0,0.0
353171,1582.6,402.0,27.0
354039,222.2,108.0,7.0
302399,124.0,8.0,13.0
195736,110.6,1.0,3.0
365946,625.9,134.0,17.0
221544,173.9,106.0,25.0
175306,160.9,46.0,0.0
211833,436.9,36.0,21.0
276567,56.5,14.0,7.0
232044,122.1,104.0,4.0
244840,332.5,48.0,35.0
342620,429.9,28.0,13.0
165270,815.6,30.0,50.0
9999,271.6,24.0,25.0
423875,94.7,70.0,0.0
275675,777.3,27.0,144.0
356803,566.7,40.0,36.0
296983,209.7,7.0,0.0
111462,337.3,12.0,7.0
242831,488.9,11.0,43.0
151143,287.9,37.0,11.0
185799,566.5,16.0,14.0
166089,306.7,14.0,21.0
310082,235.4,9.0,27.0
70005,0.1,0.0,0.0
129581,712.5,271.0,23.0
116741,23.8,19.0,15.0
143750,191.5,49.0,16.0
257409,384.4,58.0,25.0
154426,1557.4,4.0,119.0
255916,212.1,23.0,32.0
325714,883.9,249.0,31.0
163238,540.6,6.0,78.0
274988,193.8,22.0,33.0
347252,188.2,46.0,19.0
47037,693.1,61.0,28.0
130815,364.4,103.0,10.0
251021,158.0,6.0,0.0
25538,102.2,88.0,8.0
276594,626.2,216.0,63.0
54837,1729.9,441.0,184.0
32378,296.8,21.0,6.0
259784,553.3,172.0,14.0
16391,326.3,288.0,0.0
196264,82.8,31.0,19.0
251032,162.2,110.0,2.0
429524,146.5,0.0,0.0
146,694.3,247.0,9.0
315537,377.8,15.0,51.0
487173,276.0,8.0,29.0
341118,288.1,123.0,3.0
77206,337.9,9.0,24.0
157487,567.8,72.0,86.0
289671,313.0,136.0,8.0
356884,233.0,96.0,5.0
168590,2453.4,17.0,41.0
44050,1826.2,741.0,45.0
166328,3647.1,13.0,151.0
242,198.1,33.0,7.0
124853,285.8,281.0,0.0
160077,650.5,201.0,8.0
161843,308.5,123.0,8.0
447429,971.3,30.0,65.0
202009,1145.6,470.0,21.0
372665,109.3,38.0,1.0
55681,189.0,130.0,157.0
230240,81.0,61.0,13.0
137701,1053.2,40.0,95.0
467795,49.6,0.0,16.0
289133,365.3,37.0,4.0
28951,133.0,103.0,0.0
513531,291.5,85.0,25.0
511799,41.9,0.0,2.0
292568,53.1,0.0,2.0
435497,339.3,28.0,8.0
392158,323.5,9.0,32.0
167554,191.8,22.0,37.0
505132,150.0,73.0,4.0
399278,190.8,7.0,62.0
535020,2526.8,35.0,106.0
165110,120.8,3.0,7.0
27200,835.8,2.0,72.0
262576,253.7,216.0,1.0
357497,340.7,207.0,6.0
201697,252.5,0.0,1.0
363009,144.5,45.0,3.0
113150,790.6,56.0,81.0
81635,99.4,4.0,10.0
279052,321.4,35.0,16.0
240622,403.2,86.0,146.0
142984,531.1,7.0,17.0
299989,692.5,29.0,42.0
165385,148.3,33.0,3.0
285606,109.6,1.0,1.0
204270,135.2,19.0,6.0
117116,160.2,4.0,19.0
138275,253.9,9.0,0.0
168644,43.8,0.0,1.0
20085,130.7,10.0,12.0
243157,274.5,2.0,25.0
160170,810.9,10.0,65.0
441744,107.4,0.0,2.0
271113,171.1,15.0,10.0
16327,92.5,21.0,5.0
182122,131.1,9.0,13.0
369169,166.8,14.0,12.0
331715,99.3,8.0,1.0
249050,80.9,67.0,0.0
151746,648.2,200.0,5.0
297594,137.1,11.0,10.0
63346,474.7,148.0,11.0
519068,785.7,11.0,788.0
263831,101.1,26.0,10.0
419921,112.4,37.0,5.0
368320,552.2,53.0,13.0
392150,23.3,11.0,4.0
342619,167.9,127.0,1.0
408907,633.3,17.0,43.0
371961,176.3,66.0,4.0
188151,171.0,70.0,12.0
383120,41.3,2.0,19.0
248125,1303.3,53.0,11.0
128715,281.0,25.0,27.0
495344,268.2,43.0,17.0
300339,213.8,32.0,6.0
460846,115.4,21.0,1.0
367987,168.0,5.0,8.0
280918,262.0,0.0,19.0
243409,499.4,11.0,56.0
243249,192.9,2.0,6.0
173113,141.6,10.0,7.0
463219,540.7,20.0,34.0
360086,7016.6,2109.0,260.0
457965,81.8,23.0,8.0
72449,856.7,22.0,28.0
193430,524.2,16.0,26.0
39172,184.3,61.0,7.0
303070,384.7,15.0,3.0
216068,565.8,39.0,11.0
384510,106.2,25.0,4.0
367865,139.2,3.0,5.0
391390,500.7,56.0,52.0
141937,124.6,1.0,7.0
53197,178.1,0.0,4.0
400273,208.7,75.0,13.0
535431,1066.6,148.0,90.0
480776,52.0,3.0,2.0
305431,515.2,14.0,28.0
443640,389.9,137.0,15.0
406331,152.5,85.0,4.0
441118,488.2,153.0,3.0
142369,104.4,35.0,2.0
145858,727.0,179.0,14.0
173730,198.0,9.0,29.0
170199,97.2,8.0,16.0
239866,639.7,25.0,20.0
46189,447.3,16.0,17.0
314384,628.7,233.0,18.0
136231,77.3,38.0,0.0
174536,144.1,1.0,6.0
341816,213.4,32.0,34.0
59515,200.6,87.0,10.0
320708,86.3,0.0,9.0
211091,225.5,110.0,42.0
286851,521.2,63.0,60.0
248212,64.8,29.0,0.0
280644,137.9,137.0,0.0
176883,1021.7,6.0,75.0
298908,143.7,43.0,7.0
102035,559.2,26.0,58.0
430445,528.8,11.0,35.0
239871,709.7,0.0,6.0
328250,293.6,58.0,12.0
146686,326.8,26.0,33.0
138477,706.8,84.0,53.0
287778,224.7,0.0,24.0
204122,5660.6,1642.0,237.0
437637,460.9,217.0,14.0
123115,337.2,59.0,9.0
152844,582.6,13.0,37.0
132195,752.6,65.0,67.0
248962,190.8,66.0,4.0
384264,558.7,7.0,29.0
199545,366.4,28.0,28.0
422291,352.3,8.0,28.0
427531,157.9,34.0,2.0
389642,260.5,52.0,11.0
287235,172.2,65.0,1.0
110085,185.9,0.0,13.0
371549,265.9,13.0,19.0
444320,703.0,8.0,34.0
284465,3103.5,931.0,152.0
376813,316.1,16.0,2.0
51506,72.8,35.0,30.0
134015,197.4,76.0,2.0
202195,360.6,2.0,23.0
407516,59.5,1.0,4.0
92113,470.1,122.0,50.0
354047,167.3,8.0,11.0
230565,682.5,108.0,16.0
134085,480.5,40.0,41.0
38811,422.2,33.0,46.0
185520,955.7,17.0,91.0
390230,126.4,7.0,4.0
401605,548.5,212.0,8.0
356849,5213.9,1251.0,133.0
393988,415.8,126.0,12.0
360444,1074.7,41.0,46.0
192390,349.9,68.0,4.0
446452,168.2,31.0,6.0
454621,679.2,40.0,86.0
440388,390.5,8.0,59.0
246224,163.9,0.0,3.0
484992,416.5,147.0,10.0
276865,283.3,63.0,5.0
172744,658.7,17.0,14.0
147212,570.2,138.0,25.0
214193,348.4,118.0,22.0
361927,749.2,6.0,178.0
450466,317.8,8.0,58.0
439143,462.6,13.0,42.0
298874,145.1,0.0,16.0
140196,270.8,8.0,31.0
196006,604.9,124.0,3.0
409229,386.7,17.0,1.0
174469,148.5,56.0,66.0
296051,183.4,5.0,10.0
256763,724.1,153.0,26.0
306590,561.2,18.0,146.0
52289,113.5,0.0,10.0
433071,195.1,30.0,13.0
218648,187.2,58.0,6.0
146447,667.1,61.0,96.0
256734,217.8,8.0,24.0
212028,233.4,104.0,9.0
408303,283.1,72.0,24.0
25512,146.6,34.0,3.0
363904,273.9,29.0,27.0
481157,524.6,47.0,43.0
18719,310.6,72.0,12.0
335539,286.9,53.0,15.0
303944,417.9,24.0,25.0
443720,1016.2,366.0,31.0
407098,372.0,9.0,19.0
285568,406.7,5.0,14.0
432027,954.5,572.0,38.0
207743,240.4,24.0,28.0
299968,87.2,43.0,27.0
464946,104.1,6.0,45.0
130642,659.1,0.0,3.0
395202,772.0,150.0,33.0
335495,200.7,88.0,1.0
192542,365.2,2.0,19.0
315110,456.0,206.0,47.0
368878,591.2,201.0,10.0
147563,593.0,9.0,18.0
207466,158.9,6.0,4.0
193719,533.9,26.0,11.0
251976,262.2,111.0,23.0
334501,303.3,13.0,32.0
123117,3575.7,948.0,61.0
38852,493.4,161.0,84.0
181808,503.2,307.0,121.0
291073,158.7,13.0,14.0
186143,284.1,11.0,0.0
250232,160.2,5.0,0.0
411859,188.9,9.0,12.0
382731,313.5,110.0,11.0
134787,432.4,152.0,2444.0
154576,162.0,12.0,9.0
222030,4434.1,2647.0,178.0
52565,440.6,137.0,10.0
103393,315.9,10.0,36.0
358626,132.7,9.0,16.0
53152,315.3,3.0,10.0
211322,216.0,72.0,4.0
251714,138.1,6.0,18.0
343821,397.2,127.0,7.0
168420,174.7,122.0,8.0
402351,522.0,35.0,32.0
319381,143.5,74.0,12.0
489707,182.1,25.0,39.0
389301,221.8,63.0,7.0
29916,325.0,126.0,5.0
36482,49.6,10.0,9.0
98844,469.2,6.0,22.0
65207,191.9,67.0,6.0
496766,381.7,1.0,42.0
140746,1340.3,24.0,74.0
302344,2335.8,443.0,45.0
56036,703.2,299.0,28.0
74284,1014.0,759.0,386.0
361017,179.6,13.0,23.0
437219,498.8,30.0,90.0
467076,374.2,96.0,10.0
327141,426.6,30.0,15.0
342698,343.0,134.0,9.0
304814,354.1,2.0,6.0
387488,426.6,23.0,48.0
81280,155.3,49.0,2.0
261482,212.1,12.0,13.0
77380,1846.7,26.0,130.0
240369,190.4,22.0,13.0
340730,97.1,50.0,87.0
334951,241.2,12.0,16.0
305987,389.3,132.0,15.0
337893,39.9,27.0,0.0
157160,183.1,84.0,0.0
35632,252.2,0.0,0.0
141712,501.2,30.0,33.0
21357,628.9,14.0,21.0
205443,422.7,8.0,18.0
201813,208.1,0.0,0.0
198343,264.5,95.0,10.0
279176,46.8,20.0,0.0
532472,916.8,57.0,29.0
32204,390.7,161.0,7.0
378540,42.5,34.0,0.0
293049,331.6,96.0,9.0
104773,68.9,6.0,2.0
129919,776.4,6.0,45.0
391335,544.2,90.0,70.0
383339,546.9,23.0,25.0
96727,1057.9,8.0,67.0
474258,531.8,6.0,9.0
209322,200.3,12.0,9.0
60454,569.1,26.0,46.0
240447,105.0,57.0,0.0
375376,2314.8,395.0,102.0
160398,745.5,26.0,7.0
350400,183.2,30.0,13.0
280251,157.7,0.0,0.0
242761,69.4,0.0,0.0
11878,240.8,14.0,7.0
385823,89.1,29.0,0.0
22711,810.9,11.0,88.0
98821,133.6,0.0,3.0
152534,991.2,75.0,96.0
423516,115.8,11.0,0.0
418756,305.4,165.0,50.0
481195,85.8,27.0,17.0
53312,204.2,7.0,1.0
51922,472.9,9.0,38.0
11363,244.5,10.0,75.0
63131,245.2,54.0,6.0
108819,93.8,25.0,0.0
344420,214.7,7.0,11.0
292317,132.6,52.0,1.0
79313,666.6,20.0,40.0
282644,440.6,25.0,36.0
19953,215.9,18.0,15.0
97808,953.5,5.0,80.0
16451,37.2,5.0,3.0
84610,168.9,5.0,0.0
116449,209.9,30.0,54.0
24760,195.5,17.0,17.0
261888,96.3,0.0,0.0
133328,527.5,195.0,20.0
196614,336.4,5.0,22.0
238453,425.5,38.0,44.0
23078,2282.1,286.0,93.0
67142,2729.7,1257.0,32.0
484624,685.3,127.0,83.0
97968,472.5,60.0,56.0
87640,382.1,17.0,63.0
413910,178.3,10.0,0.0
154187,83.4,14.0,5.0
327979,165.5,122.0,0.0
196319,510.2,87.0,31.0
184785,302.6,18.0,48.0
15255,200.7,29.0,27.0
344648,1305.9,606.0,23.0
438092,47.6,17.0,6.0
265262,113.3,25.0,32.0
247277,504.9,18.0,28.0
190891,72.5,0.0,6.0
449891,162.6,63.0,4.0
163005,465.3,124.0,32.0
473002,495.2,25.0,25.0
32088,196.2,124.0,9.0
286681,388.3,300.0,7.0
361328,666.0,199.0,9.0
376660,173.6,24.0,7.0
285666,182.9,8.0,14.0
159527,269.3,7.0,15.0
220237,138.4,42.0,2.0
375362,262.4,81.0,18.0
75408,0.5,0.0,39.0
196548,305.0,38.0,32.0
399709,403.1,28.0,28.0
217296,251.7,44.0,11.0
55809,141.9,43.0,6.0
198660,484.3,44.0,47.0
121107,139.2,63.0,34.0
98478,657.9,13.0,21.0
420409,258.0,106.0,8.0
393667,127.8,54.0,0.0
106902,64.4,69.0,0.0
435816,907.0,212.0,22.0
134086,142.3,71.0,13.0
246617,485.8,18.0,17.0
221942,418.1,95.0,6.0
21816,162.2,13.0,5.0
198073,138.8,4.0,7.0
169105,271.6,97.0,16.0
258868,37.3,30.0,37.0
15063,315.2,7.0,28.0
202949,146.7,24.0,14.0
454944,172.2,4.0,2.0
497150,193.2,58.0,5.0
202840,265.4,98.0,7.0
392350,19.2,6.0,0.0
184214,95.6,3.0,6.0
99065,669.7,6.0,29.0
325657,38.1,0.0,0.0
49737,241.4,9.0,32.0
15202,354.7,6.0,11.0
15211,285.9,4.0,6.0
15209,253.0,11.0,2.0
187601,374.7,22.0,31.0
37796,166.4,40.0,8.0
218687,153.8,18.0,8.0
127048,957.6,883.0,28.0
26420,163.9,150.0,92.0
142215,348.5,33.0,5.0
426696,216.2,18.0,21.0
157808,223.8,44.0,3.0
229979,101.4,13.0,2.0
128830,71.7,28.0,22.0
128840,161.1,3.0,17.0
436082,1316.6,41.0,89.0
407659,266.1,12.0,17.0
87289,555.0,17.0,42.0
432965,445.5,5.0,32.0
266021,373.5,7.0,25.0
215290,388.6,27.0,38.0
147286,362.6,97.0,5.0
407471,366.9,47.0,14.0
367828,339.3,10.0,73.0
367823,81.2,9.0,6.0
349331,511.6,15.0,45.0
429248,219.2,11.0,15.0
483908,3.9,0.0,0.0
154007,915.8,15.0,42.0
187210,16.1,1.0,19.0
218967,162.6,4.0,15.0
140610,140.3,39.0,10.0
79736,170.4,86.0,0.0
230686,136.9,81.0,0.0
470837,559.2,25.0,11.0
483029,105.8,36.0,0.0
422277,521.2,42.0,29.0
392181,1191.1,339.0,23.0
468143,172.3,35.0,5.0
344503,391.8,186.0,8.0
362654,23.8,11.0,0.0
157657,541.0,7.0,51.0
468652,118.3,0.0,3.0
251800,817.6,124.0,65.0
423369,774.0,799.0,0.0
374703,28.2,8.0,1.0
370567,218.2,2.0,23.0
100837,182.0,78.0,0.0
368257,1596.2,155.0,0.0
365158,1124.9,27.0,48.0
484526,118.3,4.0,0.0
118801,174.8,52.0,3.0
146093,1311.8,40.0,90.0
269443,384.9,4.0,62.0
286484,72.9,34.0,0.0
303978,369.5,51.0,21.0
323492,97.5,1.0,8.0
283618,384.7,0.0,70.0
480558,304.1,121.0,3.0
416980,40.7,17.0,2.0
391705,26.8,11.0,5.0
176996,57.7,39.0,0.0
249911,90.9,20.0,0.0
255928,43.0,12.0,0.0
236346,445.7,6.0,11.0
316669,331.2,7.0,33.0
190411,451.6,19.0,59.0
316221,766.0,259.0,19.0
444002,181.3,27.0,4.0
290187,183.0,68.0,10.0
112386,129.4,3.0,16.0
11361,483.8,0.0,57.0
248676,408.1,6.0,39.0
359972,61.9,36.0,0.0
427872,73.7,29.0,0.0
357474,90.0,32.0,0.0
29935,369.6,120.0,15.0
459738,46.0,8.0,28.0
458929,7.8,3.0,2.0
458729,46.3,6.0,6.0
447710,462.3,25.0,44.0
374271,173.9,9.0,15.0
187843,533.4,28.0,37.0
78123,624.6,77.0,27.0
420931,218.2,9.0,26.0
111198,404.9,148.0,7.0
276330,271.4,12.0,18.0
103811,535.4,2.0,39.0
56719,490.2,26.0,46.0
164636,526.5,2.0,3.0
58321,19.5,4.0,0.0
100864,488.2,236.0,4.0
332651,572.3,16.0,7.0
146767,415.7,0.0,36.0
102895,87.5,9.0,10.0
33246,1578.1,104.0,199.0
14881,415.6,5.0,6.0
493178,533.8,61.0,20.0
302498,195.9,5.0,14.0
13805,355.0,95.0,0.0
378067,214.9,0.0,8.0
164100,192.0,7.0,8.0
266081,637.0,92.0,32.0
206648,211.0,24.0,7.0
207897,536.5,11.0,71.0
320454,225.0,128.0,2.0
377326,367.5,106.0,0.0
216873,302.8,7.0,30.0
407947,271.0,25.0,13.0
389672,217.6,83.0,7.0
111072,413.1,133.0,23.0
165438,270.4,101.0,5.0
80411,635.4,283.0,5.0
149243,449.3,228.0,19.0
247646,171.8,43.0,3.0
256535,330.2,89.0,8.0
267159,336.2,122.0,12.0
401283,257.0,14.0,17.0
165274,34.4,17.0,0.0
211938,163.8,89.0,7.0
217180,172.3,7.0,19.0
47924,401.7,16.0,48.0
418500,121.0,66.0,0.0
137296,122.3,22.0,11.0
428566,131.3,61.0,12.0
533190,398.7,8.0,34.0
291956,279.2,43.0,0.0
385464,347.9,97.0,6.0
385460,249.6,13.0,10.0
172373,313.8,22.0,49.0
12983,550.2,347.0,11.0
240165,91.4,40.0,1.0
344373,975.7,21.0,43.0
348965,63.1,10.0,11.0
478546,19.1,8.0,3.0
168663,41.4,0.0,0.0
40228,649.2,0.0,5.0
433667,951.8,70.0,75.0
351229,131.9,38.0,16.0
169849,115.6,35.0,3.0
365138,244.4,32.0,12.0
459089,229.3,20.0,23.0
255985,737.4,28.0,90.0
244971,346.7,19.0,43.0
39169,166.3,35.0,43.0
248672,56.2,26.0,5.0
88740,467.4,238.0,14.0
121344,270.1,189.0,2.0
176593,949.8,527.0,29.0
132955,308.5,18.0,55.0
402246,458.6,260.0,31.0
83417,222.5,9.0,5.0
94547,86.5,5.0,5.0
262768,527.9,126.0,19.0
390932,170.3,6.0,13.0
287573,2921.2,910.0,72.0
310869,254.9,47.0,41.0
163492,275.5,25.0,23.0
8606,155.3,14.0,12.0
181656,303.1,20.0,23.0
389560,181.8,4.0,13.0
85434,111.5,42.0,0.0
90499,296.3,10.0,43.0
272869,477.9,118.0,2.0
57203,182.5,27.0,47.0
429838,152.0,2.0,25.0
289559,38.1,5.0,21.0
349293,340.8,19.0,27.0
509443,358.5,2.0,20.0
423880,112.1,34.0,3.0
127184,262.1,72.0,6.0
131582,365.3,157.0,39.0
141738,207.1,2.0,12.0
470575,228.0,38.0,47.0
180817,170.0,0.0,14.0
133326,541.3,20.0,21.0
359203,344.6,0.0,3.0
185088,440.1,26.0,42.0
215039,354.1,4.0,78.0
133481,530.3,43.0,63.0
513963,537.2,181.0,13.0
300960,89.1,36.0,24.0
98213,154.2,6.0,12.0
531143,508.4,31.0,94.0
213395,960.8,71.0,132.0
286624,11.3,0.0,0.0
27060,336.5,130.0,104.0
82530,227.2,11.0,16.0
334201,85.3,1.0,7.0
358003,154.7,31.0,0.0
482111,80.4,51.0,2.0
286807,87.1,40.0,5.0
457730,87.0,26.0,1.0
127743,1954.8,423.0,58.0
368029,436.6,51.0,3.0
135933,117.4,12.0,13.0
126072,1515.2,1.0,4.0
20238,203.8,1.0,16.0
129377,392.1,179.0,9.0
402119,1302.8,39.0,49.0
289509,235.3,207.0,109.0
417632,713.9,109.0,31.0
151775,423.0,124.0,68.0
83703,218.6,1.0,15.0
239306,219.9,33.0,5.0
89434,277.7,10.0,17.0
468112,15.0,2.0,9.0
458576,93.5,9.0,6.0
146813,74.9,6.0,12.0
181106,176.4,19.0,12.0
632,184.5,56.0,5.0
6652,1445.4,207.0,104.0
292147,2154.8,333.0,112.0
221429,158.8,21.0,13.0
139353,196.8,23.0,18.0
470360,125.2,13.0,10.0
418387,121.4,0.0,12.0
382300,1132.4,128.0,50.0
223872,242.7,35.0,12.0
218671,266.8,52.0,19.0
430121,33.4,4.0,2.0
268681,1444.4,282.0,117.0
151328,107.5,13.0,6.0
203134,186.8,17.0,11.0
436030,182.8,9.0,13.0
320924,190.7,11.0,8.0
220503,155.0,0.0,11.0
336323,190.1,84.0,7.0
325137,2528.2,632.0,91.0
486979,196.7,22.0,15.0
22774,560.8,197.0,19.0
79425,200.5,69.0,8.0
213681,270.9,98.0,15.0
121712,203.8,17.0,13.0
155344,766.0,68.0,70.0
175339,131.1,31.0,2.0
72600,764.3,24.0,45.0
50614,957.6,136.0,64.0
133784,228.0,21.0,7.0
235003,239.6,0.0,0.0
140723,663.0,13.0,53.0
326839,612.7,38.0,56.0
467326,123.3,4.0,12.0
43669,449.5,31.0,20.0
73566,885.2,12.0,18.0
449768,267.5,51.0,1.0
404661,224.2,60.0,11.0
381713,202.0,3.0,18.0
257696,502.9,181.0,25.0
187606,224.3,8.0,4.0
91515,363.7,124.0,14.0
289891,501.0,161.0,16.0
412073,69.1,11.0,35.0
123746,344.7,11.0,21.0
206020,561.4,5.0,7.0
345595,484.7,146.0,17.0
129227,1185.8,976.0,156.0
472955,29.1,27.0,62.0
17490,13465.2,12914.0,14152.0
130002,458.5,179.0,18.0
53353,5290.2,3067.0,22.0
105756,157.8,38.0,88.0
307362,1131.0,15.0,109.0
51803,45.4,8.0,8.0
438263,225.8,10.0,25.0
525649,69.5,28.0,26.0
115160,282.4,77.0,7.0
168222,171.1,2.0,11.0
140172,891.6,14.0,16.0
305112,285.1,0.0,19.0
53481,535.4,37.0,31.0
76887,893.3,34.0,61.0
392598,408.9,1.0,24.0
113197,233.7,4.0,3.0
398071,528.7,28.0,86.0
66527,487.1,1.0,29.0
184890,507.4,48.0,46.0
79046,302.9,7.0,31.0
356163,428.3,38.0,27.0
41673,150.7,129.0,73.0
506885,774.6,26.0,16.0
277539,98.5,44.0,59.0
169487,91.2,41.0,9.0
317587,133.3,6.0,0.0
20624,178.8,0.0,9.0
360232,176.9,15.0,15.0
246548,378.1,5.0,13.0
67446,494.3,57.0,25.0
153028,833.5,312.0,19.0
172651,421.1,26.0,28.0
348952,448.2,1.0,44.0
5276,289.9,14.0,34.0
140173,452.4,13.0,20.0
31184,596.2,8.0,51.0
164178,297.2,18.0,4.0
289025,162.1,23.0,45.0
287502,658.0,10.0,30.0
75079,392.4,15.0,38.0
147100,477.9,16.0,19.0
233317,125.5,2.0,50.0
109793,222.8,78.0,12.0
291409,226.2,25.0,35.0
27275,565.7,7.0,26.0
282812,651.7,193.0,12.0
311608,49.4,21.0,20.0
382234,599.8,51.0,36.0
237391,194.9,2.0,13.0
266997,266.8,13.0,9.0
21916,273.2,129.0,11.0
229451,144.4,3.0,11.0
204040,187.9,2.0,14.0
82287,791.4,8.0,64.0
302815,368.2,4.0,11.0
311842,223.8,6.0,12.0
531148,414.7,24.0,27.0
364157,376.9,5.0,3.0
411979,179.3,17.0,23.0
102832,2305.9,2297.0,590.0
246180,388.2,18.0,19.0
224908,726.3,464.0,1.0
364761,893.4,10.0,27.0
489337,206.2,12.0,2.0
262448,190.1,57.0,0.0
294427,884.8,45.0,14.0
328436,284.0,103.0,5.0
357228,208.5,71.0,11.0
50246,3600.1,494.0,66.0
400187,60.4,14.0,17.0
67421,177.8,5.0,18.0
238815,248.8,34.0,15.0
240311,495.9,169.0,23.0
240314,156.4,45.0,0.0
242259,172.4,135.0,0.0
315063,245.5,0.0,0.0
503440,1911.6,331.0,157.0
124275,169.5,167.0,0.0
450534,173.9,26.0,15.0
124279,238.6,67.0,6.0
400903,482.4,153.0,10.0
250900,3551.1,1259.0,39.0
50248,2138.5,1315.0,14.0
219485,305.2,42.0,16.0
454763,549.1,202.0,17.0
42363,339.0,75.0,78.0
160494,2037.0,526.0,153.0
143942,248.8,90.0,10.0
394049,584.0,15.0,39.0
221166,395.1,8.0,26.0
254267,159.6,54.0,5.0
109232,518.4,29.0,47.0
275691,512.6,167.0,45.0
404233,382.1,150.0,6.0
461235,52.9,51.0,0.0
107777,288.2,31.0,32.0
201094,366.4,12.0,37.0
245950,263.2,34.0,24.0
33561,619.1,131.0,14.0
366895,567.4,17.0,104.0
376468,130.0,71.0,0.0
392368,42.6,20.0,13.0
170336,124.8,46.0,6.0
471666,409.8,100.0,2.0
388578,463.5,138.0,9.0
360881,326.9,1.0,34.0
461437,551.6,402.0,5.0
144117,387.4,52.0,28.0
431624,406.5,27.0,35.0
312406,654.2,40.0,41.0
453243,370.0,4.0,32.0
79372,157.4,86.0,2.0
101260,495.0,2.0,0.0
100340,1127.8,103.0,26.0
104571,9198.6,0.0,147.0
108955,1143.2,9.0,89.0
490759,48.8,36.0,0.0
105452,254.6,133.0,2.0
266037,161.2,82.0,1.0
496213,86.2,19.0,0.0
271663,140.5,110.0,1.0
400243,28.8,24.0,0.0
293320,125.2,77.0,4.0
260781,130.2,54.0,7.0
399828,291.4,172.0,5.0
501408,248.0,59.0,5.0
420062,210.4,209.0,0.0
448508,72.2,55.0,0.0
181244,588.8,41.0,41.0
256464,9.9,0.0,0.0
405737,335.3,3.0,35.0
315678,87.7,25.0,0.0
104927,356.2,10.0,98.0
44972,3567.0,1811.0,91.0
122791,711.7,43.0,18.0
100051,164.6,108.0,14.0
517511,370.7,51.0,6.0
43703,79.3,49.0,1.0
354010,235.7,60.0,12.0
195810,287.9,0.0,24.0
66469,104.3,12.0,14.0
395471,112.2,15.0,4.0
458255,82.7,2.0,18.0
458467,71.8,12.0,5.0
143234,622.3,45.0,33.0
19281,661.5,634.0,17.0
249457,186.9,93.0,145.0
20930,549.0,41.0,20.0
246457,78.4,5.0,4.0
214264,335.2,91.0,17.0
148362,100.8,34.0,5.0
77497,165.8,27.0,11.0
122497,364.3,196.0,4.0
85118,295.9,2.0,13.0
416599,33.3,10.0,7.0
193899,140.9,15.0,10.0
39280,389.7,11.0,17.0
203378,331.4,4.0,22.0
490284,5550.7,0.0,186.0
289160,284.3,280.0,0.0
513216,659.0,155.0,9.0
388669,822.7,200.0,27.0
320442,40.5,0.0,0.0
182904,734.8,12.0,34.0
422611,25.3,10.0,18.0
290008,65.5,0.0,0.0
427175,119.3,0.0,0.0
216014,406.6,4.0,28.0
144841,498.7,151.0,8.0
4764,382.8,109.0,15.0
162657,207.3,10.0,15.0
250347,685.3,31.0,74.0
313624,846.9,1.0,26.0
160776,233.4,0.0,12.0
104732,377.8,3.0,30.0
138700,222.4,29.0,23.0
17231,202.5,0.0,4.0
472957,340.9,78.0,6.0
88418,246.8,11.0,13.0
106447,343.7,11.0,32.0
432997,501.9,22.0,28.0
37960,316.3,5.0,26.0
104967,196.6,18.0,30.0
227420,409.8,0.0,10.0
108497,260.9,10.0,12.0
305137,633.1,17.0,38.0
291796,317.1,24.0,21.0
478604,29.0,5.0,0.0
166483,418.1,1.0,24.0
102154,384.1,29.0,19.0
194068,234.7,21.0,59.0
61040,358.2,24.0,33.0
138235,461.8,37.0,42.0
240747,718.6,180.0,39.0
26954,655.1,13.0,51.0
383978,590.0,51.0,47.0
137992,455.3,96.0,12.0
531254,88.6,25.0,1.0
262501,77.3,10.0,0.0
385415,66.4,40.0,3.0
516214,277.4,28.0,17.0
362558,738.2,12.0,52.0
19294,563.5,37.0,3.0
383923,544.6,12.0,15.0
187040,532.6,18.0,100.0
120462,783.7,5.0,28.0
136796,272.2,4.0,24.0
111625,499.7,214.0,11.0
170841,249.5,42.0,12.0
220280,264.9,119.0,1181.0
297466,131.0,0.0,0.0
411923,416.5,33.0,31.0
132775,379.7,72.0,34.0
242513,380.8,10.0,24.0
108318,554.3,15.0,25.0
88051,212.9,110.0,3.0
393489,419.9,42.0,28.0
204404,385.8,4.0,23.0
60024,466.8,55.0,33.0
204393,1844.8,642.0,39.0
208277,207.8,94.0,16.0
159357,930.9,29.0,62.0
419880,163.8,64.0,3.0
231411,596.7,6.0,31.0
152441,124.4,48.0,5.0
254521,299.4,13.0,23.0
314185,756.4,6.0,17.0
102930,483.1,23.0,30.0
502982,370.3,17.0,14.0
65045,232.9,21.0,16.0
128544,537.2,89.0,7.0
377194,593.4,247.0,3.0
255242,327.2,95.0,123.0
301235,394.2,0.0,12.0
403839,378.4,161.0,15.0
281328,339.8,3.0,15.0
390745,290.8,21.0,57.0
391156,229.0,31.0,13.0
459271,537.4,2.0,137.0
323063,67.8,3.0,6.0
394192,437.1,176.0,24.0
294421,282.3,85.0,18.0
257111,283.8,97.0,7.0
259806,176.2,22.0,3.0
300231,436.4,9.0,1.0
274469,222.8,120.0,3.0
273114,204.8,4.0,10.0
432661,174.5,39.0,2.0
263058,326.6,89.0,9.0
460167,805.1,13.0,78.0
276976,299.9,0.0,3.0
377279,124.6,6.0,5.0
280714,11.9,3.0,0.0
281314,329.8,12.0,26.0
270302,1009.2,48.0,39.0
280453,117.4,30.0,10.0
482075,129.7,109.0,12.0
390750,128.5,21.0,7.0
320542,39.3,22.0,4.0
281147,324.9,9.0,19.0
484819,370.9,32.0,16.0
269192,283.1,3.0,7.0
296176,82.4,76.0,2.0
344976,1045.0,2.0,73.0
416640,269.7,107.0,5.0
307065,137.8,8.0,2.0
415334,322.4,7.0,29.0
388488,185.8,9.0,27.0
338331,951.0,176.0,74.0
187438,574.8,134.0,48.0
190279,316.7,91.0,25.0
42828,2832.0,796.0,251.0
359316,260.6,79.0,18.0
101194,288.8,81.0,26.0
440735,386.7,19.0,14.0
182867,582.5,65.0,35.0
824,149.4,75.0,2.0
368280,1114.0,305.0,37.0
398956,304.9,9.0,27.0
474805,114.5,6.0,12.0
169968,244.4,16.0,21.0
210455,588.6,18.0,13.0
186414,122.7,5.0,6.0
215973,368.0,40.0,27.0
119225,311.6,2.0,17.0
407166,267.2,7.0,21.0
136112,578.6,11.0,40.0
215918,431.3,5.0,22.0
353419,436.5,41.0,29.0
296654,116.6,3.0,4.0
114204,721.4,34.0,72.0
430737,618.2,6.0,27.0
285629,520.5,23.0,40.0
166082,979.9,133.0,98.0
110646,463.7,38.0,44.0
150333,654.8,12.0,41.0
33701,230.6,13.0,17.0
239647,606.8,15.0,44.0
406746,543.5,11.0,26.0
106244,575.1,60.0,71.0
36072,245.7,14.0,13.0
123408,254.4,14.0,32.0
277145,390.1,17.0,35.0
16263,387.8,68.0,8.0
51716,769.4,53.0,60.0
79826,525.9,52.0,45.0
63069,184.9,25.0,34.0
418712,461.1,221.0,16.0
131286,350.5,37.0,49.0
455051,503.1,59.0,418.0
329728,253.6,25.0,12.0
112648,195.9,99.0,6.0
317798,308.8,28.0,2.0
374369,106.0,48.0,1.0
200373,140.2,63.0,3.0
187309,237.4,13.0,24.0
362546,1159.4,0.0,106.0
81108,464.6,3.0,3.0
294521,936.8,1.0,0.0
468765,38.1,13.0,0.0
427261,146.6,23.0,13.0
309806,371.8,0.0,4.0
21428,345.8,0.0,23.0
66404,75.5,26.0,3.0
503736,297.2,0.0,0.0
200419,84.8,7.0,2.0
505748,19.7,0.0,0.0
166653,178.3,3.0,41.0
525818,98.4,37.0,2.0
497554,348.5,83.0,25.0
258970,196.8,76.0,11.0
128027,1418.1,13.0,106.0
472014,235.8,95.0,10.0
165096,327.8,299.0,0.0
48634,4211.1,846.0,159.0
46636,667.8,185.0,53.0
520809,776.0,235.0,26.0
33947,217.2,77.0,4.0
130663,294.5,97.0,11.0
192033,492.7,93.0,22.0
366824,440.1,116.0,28.0
318330,364.2,93.0,16.0
122817,183.5,4.0,18.0
464692,538.2,15.0,34.0
100450,516.9,1.0,53.0
423528,849.7,18.0,89.0
359609,198.0,75.0,1.0
507544,292.1,12.0,12.0
339696,810.9,202.0,3.0
96064,88.8,4.0,4.0
249752,87.0,49.0,1.0
161592,94.3,45.0,1.0
210766,1946.4,112.0,205.0
317598,500.4,299.0,3.0
106333,213.6,22.0,21.0
234120,276.0,56.0,0.0
162664,627.0,9.0,50.0
156896,321.3,48.0,9.0
298927,118.1,14.0,11.0
83268,296.7,0.0,18.0
90767,256.2,2.0,10.0
351678,88.5,2.0,4.0
298433,883.1,8.0,22.0
408575,552.7,26.0,0.0
66520,282.5,25.0,10.0
377398,224.0,0.0,2.0
35788,109.3,11.0,24.0
100886,409.0,3.0,11.0
89121,282.7,62.0,6.0
42800,329.9,20.0,61.0
131875,693.0,650.0,1.0
313432,503.9,130.0,3.0
308592,2693.1,297.0,187.0
193053,226.8,3.0,10.0
31683,399.8,3.0,34.0
308525,721.0,23.0,8.0
311959,422.4,125.0,60.0
324047,1031.2,49.0,55.0
455416,161.9,80.0,9.0
57301,239.4,13.0,37.0
276427,461.4,23.0,43.0
107690,374.9,162.0,85.0
354495,495.9,56.0,74.0
313237,329.9,48.0,39.0
258846,502.3,37.0,41.0
125378,172.7,53.0,13.0
158946,377.1,10.0,11.0
394191,321.8,23.0,30.0
406581,159.9,23.0,22.0
509998,1150.0,19.0,96.0
377090,514.1,15.0,43.0
37684,264.2,3.0,2.0
134719,2126.3,548.0,142.0
335058,561.5,80.0,41.0
108708,420.0,169.0,13.0
376726,784.5,252.0,17.0
143771,83.7,1.0,8.0
65833,131.6,47.0,6.0
531161,504.8,0.0,5.0
18766,114.6,30.0,6.0
448832,432.3,152.0,22.0
528364,342.5,77.0,4.0
269156,531.6,0.0,0.0
373334,397.0,15.0,14.0
323810,197.1,74.0,4.0
125744,119.3,58.0,3.0
292516,429.4,152.0,19.0
406595,963.0,192.0,14.0
111880,183.2,2.0,11.0
137187,231.4,3.0,5.0
205648,140.3,50.0,5.0
79592,510.5,25.0,2.0
197894,190.4,3.0,31.0
311313,400.6,12.0,14.0
193558,285.6,12.0,1.0
100066,134.7,3.0,14.0
317309,354.3,15.0,35.0
206585,413.0,96.0,14.0
283936,380.8,260.0,185.0
110866,495.5,5.0,34.0
273143,379.5,17.0,23.0
335472,243.1,24.0,39.0
228820,138.6,50.0,6.0
26649,97.4,95.0,0.0
115420,357.1,9.0,23.0
157534,1221.2,102.0,86.0
155496,164.0,6.0,0.0
221791,471.3,15.0,23.0
71698,1143.9,34.0,75.0
353212,344.6,100.0,5.0
111257,584.6,44.0,59.0
82136,519.2,5.0,34.0
28670,565.8,39.0,29.0
72065,344.5,1.0,18.0
20901,446.0,22.0,71.0
76490,356.7,1.0,13.0
222458,370.3,135.0,9.0
59050,439.0,164.0,11.0
281251,440.5,43.0,23.0
103009,220.3,20.0,44.0
234531,469.9,40.0,20.0
303140,394.1,12.0,3.0
290371,120.2,48.0,4.0
313066,473.5,10.0,41.0
100633,1012.9,196.0,51.0
23210,305.6,21.0,25.0
128046,196.4,29.0,15.0
145473,847.2,20.0,20.0
3441,385.5,17.0,32.0
22442,358.9,47.0,52.0
141164,142.5,21.0,24.0
329881,368.2,22.0,41.0
266704,3.4,0.0,0.0
9518,321.0,8.0,33.0
474672,28.7,20.0,13.0
154224,238.5,35.0,37.0
446919,375.2,1.0,23.0
138288,345.0,6.0,28.0
225703,369.2,4.0,6.0
413288,375.4,39.0,38.0
229453,90.9,20.0,27.0
48968,164.9,21.0,2.0
133684,374.2,7.0,22.0
406737,118.1,11.0,6.0
127924,428.3,25.0,49.0
375184,101.3,3.0,13.0
145831,500.3,11.0,17.0
157835,235.0,20.0,12.0
64631,906.3,428.0,36.0
333395,61.1,13.0,4.0
66800,497.4,25.0,47.0
99798,498.5,3.0,21.0
412506,125.9,0.0,10.0
301661,430.1,10.0,12.0
121081,22.1,8.0,48.0
276601,355.1,13.0,6.0
280969,213.6,11.0,27.0
168679,253.9,96.0,10.0
9064,604.0,76.0,46.0
280875,54.1,33.0,0.0
47506,84.3,28.0,0.0
256831,283.2,10.0,34.0
317196,754.4,5.0,11.0
367633,205.3,19.0,15.0
67686,268.7,28.0,46.0
104588,938.7,8.0,61.0
12897,753.1,13.0,30.0
75650,666.2,116.0,23.0
345057,1132.6,11.0,58.0
238258,364.5,1.0,42.0
308917,345.4,8.0,6.0
84233,173.1,10.0,22.0
400025,856.9,6.0,51.0
259584,633.3,8.0,36.0
116772,217.1,5.0,19.0
513291,146.7,7.0,27.0
481786,234.5,41.0,18.0
372771,137.5,30.0,0.0
15541,240.1,18.0,19.0
205712,119.4,41.0,5.0
277021,249.3,59.0,8.0
409187,771.6,17.0,111.0
83571,242.5,1.0,0.0
428655,170.3,32.0,17.0
198875,237.2,12.0,26.0
329873,639.3,367.0,90.0
278812,103.3,45.0,1.0
76268,268.9,10.0,9.0
220922,116.8,25.0,5.0
301835,188.7,82.0,2.0
211702,462.1,432.0,30.0
27995,827.2,174.0,103.0
459827,99.0,16.0,10.0
402905,69.0,25.0,1.0
35618,556.2,182.0,26.0
159380,1059.2,284.0,56.0
77729,446.1,149.0,7.0
35280,8372.2,3267.0,148.0
274607,543.2,141.0,23.0
506106,140.9,13.0,22.0
223396,558.7,177.0,22.0
34607,165.2,54.0,4.0
38905,301.1,299.0,0.0
244292,434.3,214.0,6.0
107997,152.4,0.0,8.0
112742,42.2,10.0,4.0
121760,134.8,5.0,2.0
130793,184.0,93.0,12.0
127341,73.7,7.0,16.0
458144,211.9,1.0,26.0
295517,196.9,0.0,12.0
474044,179.1,40.0,40.0
404871,175.7,37.0,0.0
365962,67.7,3.0,7.0
181425,404.2,18.0,3.0
483632,49.1,5.0,5.0
57206,442.1,60.0,58.0
420191,544.5,36.0,46.0
272437,149.9,2.0,11.0
35818,443.7,24.0,23.0
117758,336.3,18.0,26.0
301946,333.0,71.0,1.0
208746,97.7,32.0,4.0
332276,418.0,47.0,22.0
397345,739.5,8.0,11.0
241276,375.6,98.0,39.0
254941,547.1,90.0,27.0
280399,281.5,5.0,15.0
265338,178.8,10.0,12.0
148114,3318.1,1173.0,6.0
111306,3004.9,473.0,88.0
34243,167.1,52.0,8.0
207445,307.7,102.0,7.0
436673,55.1,1.0,3.0
384194,342.1,9.0,14.0
36320,11.6,6.0,0.0
200060,564.1,78.0,39.0
192212,525.6,5.0,101.0
154149,861.2,1.0,22.0
84362,661.1,2.0,41.0
208407,212.8,28.0,26.0
183081,195.8,17.0,8.0
62088,371.9,8.0,57.0
189437,248.8,3.0,9.0
321420,115.4,52.0,0.0
406071,2942.3,807.0,0.0
214981,768.8,32.0,117.0
340404,493.0,0.0,7.0
202178,269.2,15.0,32.0
